mommy,m_ˈɑː_m_i
wee,w_ˈiː
woo,w_ˈuː
ernie,ˈɜː_n_i
tree,t_ɹ_ˈiː_
octopus,ˈɑː_k_t_ə_p_ə_s
huh,h_ˈʌ
ball,b_ˈɔː_l
uhoh,j_ˈuː_h_oʊ
do,d_ˈuː
it,ɪ_t
wow,w_ˈaʊ
b,b_ˈiː_
i,ˈaɪ
o,ˈoʊ
pop,p_ˈɑː_p
mm,ˌɛ_m_ˈɛ_m
green,ɡ_ɹ_ˈiː_n
a,ɐ
where,w_ˌɛɹ
blue,b_l_ˈuː
sky,s_k_ˈaɪ
dog,d_ˈɑː_ɡ
balloon,b_ə_l_ˈuː_n
what,w_ˌʌ_t
that,ð_æ_t
alex,ˈæ_l_ɪ_k_s
hey,h_ˈeɪ
this,ð_ɪ_s
baby,b_ˈeɪ_b_i
hello,h_ə_l_ˈoʊ
mom,m_ˈɑː_m
for,f_ɔːɹ
no,n_ˈoʊ
but,b_ˌʌ_t
ow,ˈoʊ
go,ɡ_ˌoʊ
want,w_ˈɑː_n_t
my,m_aɪ
slow,s_l_ˈoʊ
vegetable,v_ˈɛ_dʒ_ɪ_ɾ_ə_b_əl
ooh,ˈuː
yay,j_ˈeɪ
p,p_ˈiː
boot,b_ˈuː_t
oh,ˈoʊ
leaf,l_ˈiː_f
bunny,b_ˈʌ_n_i
two,t_ˈuː
dada,d_ˈɑː_d_ə
hi,h_ˈaɪ
daddy,d_ˈæ_d_i
be,b_iː
bye,b_ˈaɪ
elmo,ˈɛ_l_m_oʊ
up,ˌʌ_p
down,d_ˌaʊ_n
red,ɹ_ˈɛ_d
e,ˈiː
three,θ_ɹ_ˈiː
help,h_ˈɛ_l_p
me,m_ˌiː
four,f_ˈoː_ɹ
apple,ˈæ_p_əl
bowl,b_ˈoʊ_l
he,h_iː
one,w_ˈʌ_n
hit,h_ˈɪ_t
hurt,h_ˈɜː_t
star,s_t_ˈɑːɹ
bubble,b_ˈʌ_b_əl
five,f_ˈaɪ_v
six,s_ˈɪ_k_s
whoa,w_ˈoʊ
okay,oʊ_k_ˈeɪ
right,ɹ_ˈaɪ_t
there,ð_ɛ_ɹ
eight,ˈeɪ_t
those,ð_oʊ_z
look,l_ˈʊ_k
who,h_ˌuː
bear,b_ˈɛɹ
boo,b_ˈuː
purple,p_ˈɜː_p_əl
water,w_ˈɔː_ɾ_ɚ
woof,w_ˈuː_f
under,ˌʌ_n_d_ɚ
the,ð_ə
tweet,t_w_ˈiː_t
gigi,dʒ_ˈɪ_ɡ_i
you,j_uː
yes,j_ˈɛ_s
other,ˈʌ_ð_ɚ
pull,p_ˈʊ_l
over,ˌoʊ_v_ɚ
tooth,t_ˈuː_θ
away,ɐ_w_ˈeɪ
smooth,s_m_ˈuː_ð
boat,b_ˈoʊ_t
more,m_ˈoːɹ
turtle,t_ˈɜː_ɾ_əl
all,ˈɔː_l
boy,b_ˈɔɪ
new,n_ˈuː
seven,s_ˈɛ_v_ə_n
juice,dʒ_ˈuː_s
big,b_ˈɪ_ɡ
towel,t_ˈaʊ_əl
take,t_ˈeɪ_k
know,n_ˈoʊ
egg,ˈɛ_ɡ
pumpkin,p_ˈʌ_m_p_k_ɪ_n
dirt,d_ˈɜː_t
shirt,ʃ_ˈɜː_t
we,w_iː
please,p_l_ˈiː_z
to,t_ə
spoon,s_p_ˈuː_n
sorry,s_ˈɔː_ɹ_i_
orange,ˈɔː_ɹ_ɪ_n_dʒ
chair,tʃ_ˈɛ_ɹ
and,æ_n_d
twelve,t_w_ˈɛ_l_v
how,h_ˌaʊ
about,ɐ_b_ˌaʊ_t
prize,p_ɹ_ˈaɪ_z
moo,m_ˈuː
let,l_ˈɛ_t
see,s_ˈiː_
shh,ˌɛ_s_ˌeɪ_tʃ_ˈeɪ_tʃ
on,ˌɑː_n
ah,ˈɑː
car,k_ˈɑːɹ
cut,k_ˈʌ_t
train,t_ɹ_ˈeɪ_n
grill,ɡ_ɹ_ˈɪ_l
cheese,tʃ_ˈiː_z
little,l_ˈɪ_ɾ_əl
ten,t_ˈɛ_n
ma,m_ˈɑː
moon,m_ˈuː_n
bah,b_ˈɑː
meow,m_ɪ__ˈaʊ
broke,b_ɹ_ˈoʊ_k
yeah,j_ˈɛ_h
fork,f_ˈɔːɹ_k
d,d_ˈiː_
oughtoh,ˈɔː_ɾ_oʊ
whisk,w_ˈɪ_s_k
ice,ˈaɪ_s
why,w_ˌaɪ
bat,b_ˈæ_t
eighteen,eɪ_t_ˈiː_n
nineteen,n_aɪ_n_t_ˈiː_n
another,ɐ_n_ˈʌ_ð_ɚ_ɹ
eye,ˈaɪ
can,k_æ_n
play,p_l_ˈeɪ
in,ɪ_n
beep,b_ˈiː_p
quack,k_w_ˈæ_k
honey,h_ˈʌ_n_i
thank,θ_ˈæ_ŋ_k
mama,m_ˈɑː_m_ɐ
milk,m_ˈɪ_l_k
wet,w_ˈɛ_t
t,t_ˈiː
yellow,j_ˈɛ_l_oʊ
stay,s_t_ˈeɪ
seed,s_ˈiː_d
goose,ɡ_ˈuː_s
hat,h_ˈæ_t
u,j_ˈuː
pink,p_ˈɪ_ŋ_k
pee,p_ˈiː
mail,m_ˈeɪ_l
papa,p_ˈɑː_p_ə
hm,ˌeɪ_tʃ_ˈɛ_m
black,b_l_ˈæ_k
h,ˈeɪ_tʃ
j,dʒ_ˈeɪ
k,k_ˈeɪ
m,ˈɛ_m
n,ˈɛ_n
s,ˈɛ_s
momma,m_ˈɑː_m_ə
v,v_ˈiː
cookie,k_ˈʊ_k_i
c,s_ˈiː_
aunt,ˈæ_n_t
nine,n_ˈaɪ_n
zoo,z_ˈuː
brown,b_ɹ_ˈaʊ_n
give,ɡ_ˈɪ_v
card,k_ˈɑːɹ_d
whoop,w_ˈuː_p
way,w_ˈeɪ
duck,d_ˈʌ_k
his,h_ɪ_z
shoe,ʃ_ˈuː
woohoo,w_ˈuː_h_uː
circle,s_ˈɜː_k_əl
triangle,t_ɹ_ˈaɪ_æ_ŋ_ɡ_əl
clean,k_l_ˈiː_n
sure,ʃ_ˈʊ_ɹ
achoo,ɐ_tʃ_ˈuː
poe,p_ˈoʊ
magazine,m_ˌæ_ɡ_ɐ_z_ˈiː_n
here,h_ˈɪɹ
listen,l_ˈɪ_s_ə_n
again,ɐ_ɡ_ˈɛ_n
push,p_ˈʊ_ʃ
oval,ˈoʊ_v_əl
sticky,s_t_ˈɪ_k_i
carry,k_ˈæ_ɹ_i
white,w_ˈaɪ_t
pig,p_ˈɪ_ɡ
f,ˈɛ_f
g,dʒ_ˈiː
q,k_j_ˈuː
r,ˈɑː_ɹ
x,ˈɛ_k_s
y,w_ˈaɪ
z,z_ˈiː
poo,p_ˈuː
shape,ʃ_ˈeɪ_p
eleven,ɪ_l_ˈɛ_v_ə_n
thirteen,θ_ɜː_t_ˈiː_n
twenty,t_w_ˈɛ_n_t_i
seventeen,s_ˌɛ_v_ə_n_t_ˈiː_n
flower,f_l_ˈaʊ_ɚ
bird,b_ˈɜː_d
truck,t_ɹ_ˈʌ_k
giraffe,dʒ_ɪ_ɹ_ˈæ_f
w,d_ˈʌ_b_əl_j_ˌuː
use,j_ˈuː_s
bibi,b_ˈɪ_b_aɪ
square,s_k_w_ˈɛɹ
drop,d_ɹ_ˈɑː_p
puppy,p_ˈʌ_p_i
paint,p_ˈeɪ_n_t
need,n_ˈiː_d
these,ð_iː_z
l,ˈɛ_l
outside,aʊ_t_s_ˈaɪ_d
dinosaur,d_ˈaɪ_n_ə_s_ˌɔːɹ
squish,s_k_w_ˈɪ_ʃ
elephant,ˈɛ_l_ɪ_f_ə_n_t
polar,p_ˈoʊ_l_ɚ
nobody,n_ˈoʊ_b_ɑː_d_i
ready,ɹ_ˈɛ_d_i
press,p_ɹ_ˈɛ_s
piece,p_ˈiː_s
break,b_ɹ_ˈeɪ_k
mum,m_ˈʌ_m
wake,w_ˈeɪ_k
jeff,dʒ_ˈɛ_f
myself,m_aɪ_s_ˈɛ_l_f
hand,h_ˈæ_n_d
chicken,tʃ_ˈɪ_k_ɪ_n
like,l_ˈaɪ_k
buddy,b_ˈʌ_d_i_
at,æ_t
amanda,ɐ_m_ˈæ_n_d_ə
fix,f_ˈɪ_k_s
rectangle,ɹ_ˈɛ_k_t_æ_ŋ_ɡ_əl
grammy,ɡ_ɹ_ˈæ_m_i
diamond,d_ˈaɪə_m_ə_n_d
she,ʃ_iː_
old,ˈoʊ_l_d
pin,p_ˈɪ_n
crack,k_ɹ_ˈæ_k
switch,s_w_ˈɪ_tʃ
squirrel,s_k_w_ˈɜː_ɫ
food,f_ˈuː_d
happy,h_ˈæ_p_i
box,b_ˈɑː_k_s
carol,k_ˈæ_ɹ_əl
cup,k_ˈʌ_p
basket,b_ˈæ_s_k_ɪ_t
knee,n_ˈiː
party,p_ˈɑːɹ_ɾ_i
beach,b_ˈiː_tʃ
much,m_ˈʌ_tʃ
good,ɡ_ˈʊ_d
with,w_ɪ_ð
plane,p_l_ˈeɪ_n
come,k_ˈʌ_m
daniel,d_ˈæ_n_j_əl
oops,ˈuː_p_s
not,n_ˌɑː_t
bag,b_ˈæ_ɡ
say,s_ˈeɪ
so,s_ˌoʊ
sad,s_ˈæ_d
whoops,w_ˈuː_p_s
open,ˈoʊ_p_ə_n
alright,ɔː_l_ɹ_ˈaɪ_t
jump,dʒ_ˈʌ_m_p
turn,t_ˈɜː_n
garden,ɡ_ˈɑːɹ_d_ə_n
byebye,b_ˈaɪ_ɪ_b_ˌaɪ
smooch,s_m_ˈuː_tʃ
try,t_ɹ_ˈaɪ
cake,k_ˈeɪ_k
out,ˈaʊ_t
climb,k_l_ˈaɪ_m
her,h_ɜː
bike,b_ˈaɪ_k
plant,p_l_ˈæ_n_t
lily,l_ˈɪ_l_i
put,p_ˌʊ_t
cream,k_ɹ_ˈiː_m
pickle,p_ˈɪ_k_əl
craze,k_ɹ_ˈeɪ_z
your,j_ʊɹ
toy,t_ˈɔɪ
knife,n_ˈaɪ_f
true,t_ɹ_ˈuː
careful,k_ˈɛɹ_f_əl
grass,ɡ_ɹ_ˈæ_s
fish,f_ˈɪ_ʃ
us,ˌʌ_s
track,t_ɹ_ˈæ_k
taste,t_ˈeɪ_s_t
bock,b_ˈɑː_k
pot,p_ˈɑː_t
bean,b_ˈiː_n
umbrella,ʌ_m_b_ɹ_ˈɛ_l_ə
well,w_ˈɛ_l
next,n_ˈɛ_k_s_t
glove,ɡ_l_ˈʌ_v
dirty,d_ˈɜː_ɾ_i
cardinal,k_ˈɑːɹ_d_ɪ_n_əl
tractor,t_ɹ_ˈæ_k_t_ɚ
foot,f_ˈʊ_t
dish,d_ˈɪ_ʃ
ambulance,ˈæ_m_b_j_ʊ_l_ə_n_s
drive,d_ɹ_ˈaɪ_v
wiggle,w_ˈɪ_ɡ_əl
microphone,m_ˈaɪ_k_ɹ_ə_f_ˌoʊ_n
excuse,ɛ_k_s_k_j_ˈuː_s
call,k_ˈɔː_l
frog,f_ɹ_ˈɑː_ɡ
throw,θ_ɹ_ˈoʊ
engine,ˈɛ_n_dʒ_ɪ_n
bootie,b_ˈuː_ɾ_i
heart,h_ˈɑːɹ_t
playdoh,p_l_ˈeɪ_d_oʊ
shower,ʃ_ˈaʊ_ɚ
lollipop,l_ˈɑː_l_ɪ_p_ˌɑː_p
pretty,p_ɹ_ˈɪ_ɾ_i
princess,p_ɹ_ˈɪ_n_s_ɛ_s
seat,s_ˈiː_t
flat,f_l_ˈæ_t
flag,f_l_ˈæ_ɡ
bucket,b_ˈʌ_k_ɪ_t
picture,p_ˈɪ_k_tʃ_ɚ
bill,b_ˈɪ_l
whale,w_ˈeɪ_l
work,w_ˈɜː_k
turkey,t_ˈɜː_k_i_
off,ˈɔ_f
something,s_ˈʌ_m_θ_ɪ_ŋ
too,t_ˈuː
enough,ɪ_n_ˈʌ_f
of,ʌ_v
house,h_ˈaʊ_s
gobble,ɡ_ˈɑː_b_əl
color,k_ˈʌ_l_ɚ
hotel,h_oʊ_t_ˈɛ_l
poke,p_ˈoʊ_k
rocket,ɹ_ˈɑː_k_ɪ_t
ship,ʃ_ˈɪ_p
camera,k_ˈæ_m__ɹ_ə
bell,b_ˈɛ_l
get,ɡ_ɛ_t
neigh,n_ˈeɪ
sleep,s_l_ˈiː_p
horse,h_ˈɔːɹ_s
mr,m_ˈɪ_s_t_ɚ
head,h_ˈɛ_d
telephone,t_ˈɛ_l_ɪ_f_ˌoʊ_n
choo,tʃ_ˈuː
potato,p_ə_t_ˈeɪ_ɾ_oʊ
steam,s_t_ˈiː_m
course,k_ˈoːɹ_s
sit,s_ˈɪ_t
have,h_æ_v
many,m_ˈɛ_n_i
cook,k_ˈʊ_k
now,n_ˈaʊ
hoo,h_ˈuː
mine,m_ˈaɪ_n
cat,k_ˈæ_t
bench,b_ˈɛ_n_tʃ
dice,d_ˈaɪ_s
arm,ˈɑːɹ_m
when,w_ɛ_n
gorilla,ɡ_ɚ_ɹ_ˈɪ_l_ə
alligator,ˈæ_l_ᵻ_ɡ_ˌeɪ_ɾ_ɚ
check,tʃ_ˈɛ_k
mimi,m_ˈiː_m_i
salt,s_ˈɑː_l_t
inside,ɪ_n_s_ˈaɪ_d
block,b_l_ˈɑː_k
battery,b_ˈæ_ɾ_ɚ_ɹ_i
feather,f_ˈɛ_ð_ɚ
sword,s_ˈoːɹ_d
puzzle,p_ˈʌ_z_əl
tower,t_ˈaʊ_ɚ
hair,h_ˈɛ_ɹ
ear,ˈɪɹ
excellent,ˈɛ_k_s_ə_l_ə_n_t
pirate,p_ˈaɪ_ɹ_ə_t
hill,h_ˈɪ_l
guy,ɡ_ˈaɪ_
almost,ˈɔː_l_m_oʊ_s_t
rabbit,ɹ_ˈæ_b_ɪ_t
smile,s_m_ˈaɪ_l
face,f_ˈeɪ_s
butter,b_ˈʌ_ɾ_ɚ
fly,f_l_ˈaɪ
brush,b_ɹ_ˈʌ_ʃ
debbie,d_ˈɛ_b_i
watch,w_ˈɑː_tʃ
bus,b_ˈʌ_s
microwave,m_ˈaɪ_k_ɹ_oʊ_w_ˌeɪ_v
miss,m_ˈɪ_s
cayou,k_ˈeɪ_uː
tunnel,t_ˈʌ_n_əl
sticker,s_t_ˈɪ_k_ɚ
run,ɹ_ˈʌ_n
errand,ˈɛ_ɹ_ə_n_d
phone,f_ˈoʊ_n
mustache,m_ˈʌ_s_t_æ_ʃ
nose,n_ˈoʊ_z
nice,n_ˈaɪ_s
reach,ɹ_ˈiː_tʃ
trick,t_ɹ_ˈɪ_k
asleep,ɐ_s_l_ˈiː_p
uhuh,j_ˈuː_h_ʌ
them,ð_ˌɛ_m
top,t_ˈɑː_p
lip,l_ˈɪ_p
tongue,t_ˈʌ_ŋ
any,ˌɛ_n_i
gi,ɡ_i
pick,p_ˈɪ_k
size,s_ˈaɪ_z
make,m_ˌeɪ_k
him,h_ˌɪ_m
drink,d_ɹ_ˈɪ_ŋ_k
game,ɡ_ˈeɪ_m
sofa,s_ˈoʊ_f_ə
around,ɐ_ɹ_ˈaʊ_n_d
ahead,ɐ_h_ˈɛ_d
crayon,k_ɹ_ˈeɪ_ɑː_n
kind,k_ˈaɪ_n_d
book,b_ˈʊ_k
sugar,ʃ_ˈʊ_ɡ_ɚ
last,l_ˈæ_s_t
bob,b_ˈɑː_b
set,s_ˈɛ_t
spell,s_p_ˈɛ_l
glockenspiel,ɡ_l_ˈɑː_k_ə_n_s_p_ˌiː_l
tomorrow,t_ə_m_ˈɔː_ɹ_oʊ
self,s_ˈɛ_l_f
someone,s_ˈʌ_m_w_ʌ_n
yourself,j_oːɹ_s_ˈɛ_l_f
owl,ˈaʊ_l
side,s_ˈaɪ_d
pilot,p_ˈaɪ_l_ə_t
china,tʃ_ˈaɪ_n_ə
glass,ɡ_l_ˈæ_s
alaska,ɐ_l_ˈæ_s_k_ə
mexico,m_ˈɛ_k_s_ɪ_k_ˌoʊ
zipper,z_ˈɪ_p_ɚ
manuela,m_ˈæ_n_uː_l_ə
key,k_ˈiː
shake,ʃ_ˈeɪ_k
lion,l_ˈaɪə_n
cloud,k_l_ˈaʊ_d
cone,k_ˈoʊ_n
curve,k_ˈɜː_v
straight,s_t_ɹ_ˈeɪ_t
zoe,z_ˈoʊ_i
find,f_ˈaɪ_n_d
page,p_ˈeɪ_dʒ
into,ˌɪ_n_t_ʊ
woah,w_ˈoʊ
grey,ɡ_ɹ_ˈeɪ
valley,v_ˈæ_l_i
snake,s_n_ˈeɪ_k
stick,s_t_ˈɪ_k
table,t_ˈeɪ_b_əl
tv,t_ˌiː_v_ˈiː
barn,b_ˈɑːɹ_n
slide,s_l_ˈaɪ_d
trash,t_ɹ_ˈæ_ʃ
goodbye,ɡ_ʊ_d_b_ˈaɪ
vanilla,v_ɐ_n_ˈɪ_l_ə
tie,t_ˈaɪ
peekaboo,p_ˈiː_k_ɐ_b_ˌuː
street,s_t_ɹ_ˈiː_t
witch,w_ˈɪ_tʃ
wagon,w_ˈæ_ɡ_ə_n
fourteen,f_oːɹ_t_ˈiː_n
read,ɹ_ˈiː_d
fifteen,f_ɪ_f_t_ˈiː_n
sixteen,s_ɪ_k_s_t_ˈiː_n
deer,d_ˈɪ_ɹ
animal,ˈæ_n_ɪ_m_əl
its,ɪ_t_s
blanket,b_l_ˈæ_ŋ_k_ɪ_t
fire,f_ˈaɪɚ
somebody,s_ˈʌ_m_b_ɑː_d_i
lose,l_ˈuː_z
stop,s_t_ˈɑː_p
fall,f_ˈɔː_l
yoyo,j_ˈoʊ_j_oʊ
yarn,j_ˈɑːɹ_n
move,m_ˈuː_v
change,tʃ_ˈeɪ_n_dʒ
kiss,k_ˈɪ_s
mouth,m_ˈaʊ_θ
light,l_ˈaɪ_t
buy,b_ˈaɪ
write,ɹ_ˈaɪ_t
same,s_ˈeɪ_m
high,h_ˈaɪ
plum,p_l_ˈʌ_m
special,s_p_ˈɛ_ʃ_əl
bridge,b_ɹ_ˈɪ_dʒ
gold,ɡ_ˈoʊ_l_d
bee,b_ˈiː
near,n_ˌɪɹ
silver,s_ˈɪ_l_v_ɚ
telly,t_ˈɛ_l_i
by,b_aɪ
catch,k_ˈæ_tʃ
dorothy,d_ˈɔː_ɹ_ə_θ_i
surprise,s_ɚ_p_ɹ_ˈaɪ_z
hot,h_ˈɑː_t
george,dʒ_ˈɔːɹ_dʒ
abe,ˈeɪ_b
alexander,ˌæ_l_ɪ_ɡ_z_ˈæ_n_d_ɚ
dad,d_ˈæ_d
andrew,ˈæ_n_d_ɹ_uː
appear,ɐ_p_ˈɪɹ
grant,ɡ_ɹ_ˈæ_n_t
strawberry,s_t_ɹ_ˈɔː_b_ɛ_ɹ_i
wear,w_ˈɛɹ
playdohs,p_l_ˈeɪ_d_oʊ_z
laughter,l_ˈæ_f_t_ɚ
santa,s_ˈæ_n_t_ə
enter,ˈɛ_n_t_ɚ
tadah,t_ˈæ_d_ɚ
roll,ɹ_ˈoʊ_l
wiggles,w_ˈɪ_ɡ_əl_z
tumble,t_ˈʌ_m_b_əl
weed,w_ˈiː_d
clock,k_l_ˈɑː_k
boob,b_ˈuː_b
banana,b_ɐ_n_ˈæ_n_ə
window,w_ˈɪ_n_d_oʊ
walk,w_ˈɔː_k
wash,w_ˈɑː_ʃ
person,p_ˈɜː_s_ə_n
sun,s_ˈʌ_n
long,l_ˈɑː_ŋ
farewell,f_ɛɹ_w_ˈɛ_l
penguin,p_ˈɛ_ŋ_ɡ_w_ɪ_n
friend,f_ɹ_ˈɛ_n_d
tomato,t_ə_m_ˈeɪ_ɾ_oʊ
until,ʌ_n_t_ˈɪ_l
meet,m_ˈiː_t
man,m_ˈæ_n
cucumber,k_j_ˈuː_k_ʌ_m_b_ɚ
lettuce,l_ˈɛ_ɾ_ɪ_s
squash,s_k_w_ˈɑː_ʃ
zucchini,z_ʌ_k_ˈiː_n_i
murray,m_ˈɜː_ɹ_eɪ
guitar,ɡ_ɪ_t_ˈɑːɹ
name,n_ˈeɪ_m
upside,ˈʌ_p_s_aɪ_d
plate,p_l_ˈeɪ_t
back,b_ˈæ_k
airplane,ˈɛɹ_p_l_eɪ_n
lunch,l_ˈʌ_n_tʃ
salamander,s_ˈæ_l_ɐ_m_ˌæ_n_d_ɚ
squishy,s_k_w_ˈɪ_ʃ_i
vine,v_ˈaɪ_n
pear,p_ˈɛɹ
cow,k_ˈaʊ
crab,k_ɹ_ˈæ_b
disney,d_ˈɪ_z_n_i
welcome,w_ˈɛ_l_k_ʌ_m
fun,f_ˈʌ_n
door,d_ˈoːɹ
stegosaurus,s_t_ˌɛ_ɡ_ə_s_ˈɔː_ɹ_ə_s
ojo,ˈoʊ_dʒ_oʊ
boing,b_ˈɔɪ_ŋ
home,h_ˈoʊ_m
blueberry,b_l_ˈuː_b_ɛ_ɹ_i
thanks,θ_ˈæ_ŋ_k_s
mess,m_ˈɛ_s
puddy,p_ˈʊ_d_i
matter,m_ˈæ_ɾ_ɚ
leg,l_ˈɛ_ɡ
bally,b_ˈɔː_l_i
triceratops,t_ɹ_aɪ_s_ˈɛ_ɹ_ə_t_ˌɑː_p_s
auntie,ˈæ_n_t_i
fast,f_ˈæ_s_t
opposite,ˈɑː_p_ə_s_ˌɪ_t
dilly,d_ˈɪ_l_i
morning,m_ˈɔːɹ_n_ɪ_ŋ
fruit,f_ɹ_ˈuː_t
small,s_m_ˈɔː_l
mix,m_ˈɪ_k_s
pile,p_ˈaɪ_l
or,ɔːɹ
penis,p_ˈiː_n_ɪ_s
breakfast,b_ɹ_ˈɛ_k_f_ə_s_t
maple,m_ˈeɪ_p_əl
syrup,s_ˈɪ_ɹ_ʌ_p
tall,t_ˈɔː_l
stand,s_t_ˈæ_n_d
dark,d_ˈɑːɹ_k
sheep,ʃ_ˈiː_p
pancake,p_ˈæ_n_k_eɪ_k
fence,f_ˈɛ_n_s
chip,tʃ_ˈɪ_p
cannon,k_ˈæ_n_ə_n
will,w_ɪ_l
ba,b_ˈɑː
la,l_ˌæ
scissors,s_ˈɪ_s_ɚ_z
ring,ɹ_ˈɪ_ŋ
rosey,ɹ_ˈoʊ_z_i
pocket,p_ˈɑː_k_ɪ_t
full,f_ˈʊ_l
ash,ˈæ_ʃ
pour,p_ˈoːɹ
gum,ɡ_ˈʌ_m
farm,f_ˈɑːɹ_m
hold,h_ˈoʊ_l_d
upstairs,ʌ_p_s_t_ˈɛɹ_z
henry,h_ˈɛ_n_ɹ_i
hard,h_ˈɑːɹ_d
chocolate,tʃ_ˈɑː_k_l_ə_t
carrot,k_ˈæ_ɹ_ə_t
snack,s_n_ˈæ_k
mommies,m_ˈɑː_m_ɪ_z
quick,k_w_ˈɪ_k
aluminum,ɐ_l_ˈuː_m_ɪ_n_ə_m
foil,f_ˈɔɪ_l
everything,ˈɛ_v_ɹ_ɪ_θ_ˌɪ_ŋ
spatula,s_p_ˈæ_tʃ_ə_l_ə
spread,s_p_ɹ_ˈɛ_d
apart,ɐ_p_ˈɑːɹ_t
wax,w_ˈæ_k_s
paper,p_ˈeɪ_p_ɚ
seal,s_ˈiː_l
if,ɪ_f
they,ð_eɪ
match,m_ˈæ_tʃ
dead,d_ˈɛ_d
clam,k_l_ˈæ_m
stair,s_t_ˈɛɹ
sock,s_ˈɑː_k
girl,ɡ_ˈɜː_l
shark,ʃ_ˈɑːɹ_k
swim,s_w_ˈɪ_m
captain,k_ˈæ_p_t_ɪ_n
hamlet,h_ˈæ_m_l_ə_t
close,k_l_ˈoʊ_s
very,v_ˈɛ_ɹ_i
kite,k_ˈaɪ_t
chick,tʃ_ˈɪ_k
piano,p_ɪ__ˈæ_n_oʊ
candy,k_ˈæ_n_d_i
fit,f_ˈɪ_t
bit,b_ˈɪ_t
cart,k_ˈɑːɹ_t
tape,t_ˈeɪ_p
backwards,b_ˈæ_k_w_ɚ_d_z
pant,p_ˈæ_n_t
touch,t_ˈʌ_tʃ
yum,j_ˈʌ_m
ghost,ɡ_ˈoʊ_s_t
show,ʃ_ˈoʊ
pants,p_ˈæ_n_t_s
bug,b_ˈʌ_ɡ
end,ˈɛ_n_d
already,ɔː_l_ɹ_ˌɛ_d_i
bite,b_ˈaɪ_t
olive,ˈɑː_l_ɪ_v
grape,ɡ_ɹ_ˈeɪ_p
pretzel,p_ɹ_ˈɛ_t_s_əl
caillou,k_ˈeɪ_l_uː
wags,w_ˈæ_ɡ_z
stella,s_t_ˈɛ_l_ə
wood,w_ˈʊ_d
joke,dʒ_ˈoʊ_k
didi,d_ˈɪ_d_i
scissor,s_ˈɪ_s_ɚ
scoot,s_k_ˈuː_t
eat,ˈiː_t
sprinkle,s_p_ɹ_ˈɪ_ŋ_k_əl
grow,ɡ_ɹ_ˈoʊ
floor,f_l_ˈoːɹ
through,θ_ɹ_uː
stuff,s_t_ˈʌ_f
wave,w_ˈeɪ_v
manny,m_ˈæ_n_i
cause,k_ˈɔː_z
heavy,h_ˈɛ_v_i
room,ɹ_ˈuː_m
abc,ˌeɪ_b_ˌiː_s_ˈiː
couch,k_ˈaʊ_tʃ
time,t_ˈaɪ_m
pouch,p_ˈaʊ_tʃ
whoopsie,w_ˈuː_p_s_i
just,dʒ_ˈʌ_s_t
start,s_t_ˈɑːɹ_t
roof,ɹ_ˈuː_f
finish,f_ˈɪ_n_ɪ_ʃ
everybody,ˈɛ_v_ɹ_ɪ_b_ˌɑː_d_i
wait,w_ˈeɪ_t
rip,ɹ_ˈɪ_p
from,f_ɹ_ʌ_m
cheap,tʃ_ˈiː_p
nay,n_ˈeɪ
clue,k_l_ˈuː
crummy,k_ɹ_ˈʌ_m_i
lady,l_ˈeɪ_d_i
build,b_ˈɪ_l_d
smell,s_m_ˈɛ_l
wag,w_ˈæ_ɡ
today,t_ə_d_ˈeɪ
donut,d_ˈoʊ_n_ʌ_t
buzz,b_ˈʌ_z
rosie,ɹ_ˈoʊ_s_i
tear,t_ˈɪ_ɹ
add,ˈæ_d
trunk,t_ɹ_ˈʌ_ŋ_k
bagel,b_ˈeɪ_ɡ_əl
doh,d_ˈoʊ
lemon,l_ˈɛ_m_ə_n
boohoo,b_ˈuː_h_uː
lizard,l_ˈɪ_z_ɚ_d
stroll,s_t_ɹ_ˈoʊ_l
lego,l_ˈɛ_ɡ_oʊ
city,s_ˈɪ_ɾ_i
tambourine,t_ˈæ_m_b_ɚ_ɹ_ˌiː_n
ribbit,ɹ_ˈɪ_b_ɪ_t
silly,s_ˈɪ_l_i
crane,k_ɹ_ˈeɪ_n
store,s_t_ˈoːɹ
god,ɡ_ˈɑː_d
bless,b_l_ˈɛ_s
angry,ˈæ_ŋ_ɡ_ɹ_i
sing,s_ˈɪ_ŋ
maraca,m_æ_ɹ_ˈæ_k_ə
delicious,d_ɪ_l_ˈɪ_ʃ_ə_s
tee,t_ˈiː_
oooh,ˈuː_oʊ
ha,h_ˈɑː
hug,h_ˈʌ_ɡ
then,ð_ˈɛ_n
jacket,dʒ_ˈæ_k_ɪ_t
measure,m_ˈɛ_ʒ_ɚ
which,w_ˌɪ_tʃ
blankie,b_l_ˈæ_ŋ_k_i
twam,t_w_ˈæ_m
wham,w_ˈæ_m
swam,s_w_ˈæ_m
love,l_ˈʌ_v
paste,p_ˈeɪ_s_t
soap,s_ˈoʊ_p
some,s_ˌʌ_m
underneath,ˌʌ_n_d_ɚ_n_ˈiː_θ
trip,t_ɹ_ˈɪ_p
sea,s_ˈiː
thing,θ_ˈɪ_ŋ
drum,d_ɹ_ˈʌ_m
everyone,ˈɛ_v_ɹ_ɪ_w_ˌʌ_n
front,f_ɹ_ˈʌ_n_t
peel,p_ˈiː_l
bath,b_ˈæ_θ
blow,b_l_ˈoʊ
windmill,w_ˈɪ_n_d_m_ɪ_l
price,p_ɹ_ˈaɪ_s
shampoo,ʃ_æ_m_p_ˈuː
toe,t_ˈoʊ
charm,tʃ_ˈɑːɹ_m
toast,t_ˈoʊ_s_t
pea,p_ˈiː
mouse,m_ˈaʊ_s
school,s_k_ˈuː_l
may,m_ˈeɪ
later,l_ˈeɪ_ɾ_ɚ
swing,s_w_ˈɪ_ŋ
crash,k_ɹ_ˈæ_ʃ
trapezoid,t_ɹ_ˈæ_p_ɪ_z_ˌɔɪ_d
day,d_ˈeɪ
oven,ˈʌ_v_ə_n
uhhuh,ˈuː_h_ʌ
first,f_ˈɜː_s_t
cry,k_ɹ_ˈaɪ
bed,b_ˈɛ_d
jay,dʒ_ˈeɪ
draw,d_ɹ_ˈɔː
pepper,p_ˈɛ_p_ɚ
tray,t_ɹ_ˈeɪ
cool,k_ˈuː_l
present,p_ɹ_ˈɛ_z_ə_n_t
basil,b_ˈeɪ_z_əl
mop,m_ˈɑː_p
parsley,p_ˈɑːɹ_s_l_i
comb,k_ˈoʊ_m
spice,s_p_ˈaɪ_s
broom,b_ɹ_ˈuː_m
hee,h_ˈiː
mint,m_ˈɪ_n_t
grease,ɡ_ɹ_ˈiː_s
rock,ɹ_ˈɑː_k
chin,tʃ_ˈɪ_n
dip,d_ˈɪ_p
macaroni,m_ˌæ_k_ɐ_ɹ_ˈoʊ_n_i
cough,k_ˈɔ_f
teeny,t_ˈiː_n_i
necklace,n_ˈɛ_k_l_ə_s
joey,dʒ_ˈoʊ_i
favorite,f_ˈeɪ_v_ɚ_ɹ_ᵻ_t
kitty,k_ˈɪ_ɾ_i
sound,s_ˈaʊ_n_d
ouch,ˈaʊ_tʃ
jet,dʒ_ˈɛ_t
huge,h_j_ˈuː_dʒ
spin,s_p_ˈɪ_n
aloo,ɐ_l_ˈuː
urchin,ˈɜː_tʃ_ɪ_n
acorn,ˈeɪ_k_ɔːɹ_n
shop,ʃ_ˈɑː_p
coffee,k_ˈɔ_f_i
chase,tʃ_ˈeɪ_s
comfy,k_ˈʌ_m_f_i
dump,d_ˈʌ_m_p
monster,m_ˈɑː_n_s_t_ɚ
maybe,m_ˈeɪ_b_iː
real,ɹ_ˈiː__ə_l
pretend,p_ɹ_ɪ_t_ˈɛ_n_d
fellow,f_ˈɛ_l_oʊ
gentle,dʒ_ˈɛ_n_t_əl
holiday,h_ˈɑː_l_ɪ_d_ˌeɪ
shock,ʃ_ˈɑː_k
think,θ_ˈɪ_ŋ_k
wish,w_ˈɪ_ʃ
song,s_ˈɔ_ŋ
between,b_ɪ_t_w_ˌiː_n
could,k_ʊ_d
wally,w_ˈɑː_l_i
town,t_ˈaʊ_n
count,k_ˈaʊ_n_t
sunday,s_ˈʌ_n_d_eɪ
monday,m_ˈʌ_n_d_eɪ
tuesday,t_ˈuː_z_d_eɪ
wednesday,w_ˈɛ_n_z_d_eɪ
friday,f_ɹ_ˈaɪ_d_eɪ
saturday,s_ˈæ_ɾ_ɚ_d_ˌeɪ
number,n_ˈʌ_m_b_ɚ
beside,b_ɪ_s_ˌaɪ_d
shave,ʃ_ˈeɪ_v
week,w_ˈiː_k
goldfish,ɡ_ˈoʊ_l_d_f_ɪ_ʃ
ant,ˈæ_n_t
our,ˌaʊ_ɚ
tonight,t_ə_n_ˈaɪ_t
sip,s_ˈɪ_p
after,ˈæ_f_t_ɚ_ɹ
anthony,ˈæ_n_θ_ə_n_i
tiny,t_ˈaɪ_n_i
greg,ɡ_ɹ_ˈɛ_ɡ
oreo,ˈoː_ɹ_ɪ__ˌoʊ
oopsie,ˈuː_p_s_i
cold,k_ˈoʊ_l_d
iguana,ˌɪ_ɡ_j_uː_ˈɑː_n_ə
doll,d_ˈɑː_l
erase,ɪ_ɹ_ˈeɪ_s
stink,s_t_ˈɪ_ŋ_k
treat,t_ɹ_ˈiː_t
slot,s_l_ˈɑː_t
dry,d_ɹ_ˈaɪ
ride,ɹ_ˈaɪ_d
pod,p_ˈɑː_d
aye,ˈaɪ
rooster,ɹ_ˈuː_s_t_ɚ
pentagon,p_ˈɛ_n_t_ə_ɡ_ˌɑː_n
movie,m_ˈuː_v_i
goat,ɡ_ˈoʊ_t
christmas,k_ɹ_ˈɪ_s_m_ə_s
might,m_ˌaɪ_t
minute,m_ˈɪ_n_ɪ_t
shade,ʃ_ˈeɪ_d
hear,h_ˈɪɹ
beautiful,b_j_ˈuː_ɾ_ɪ_f_əl
barber,b_ˈɑːɹ_b_ɚ
reindeer,ɹ_ˈeɪ_n_d_ɪɹ
world,w_ˈɜː_l_d
octagon,ˈɑː_k_t_ə_ɡ_ˌɑː_n
hippo,h_ˈɪ_p_oʊ
wheel,w_ˈiː_l
mean,m_ˈiː_n
helicopter,h_ˈɛ_l_ɪ_k_ˌɑː_p_t_ɚ
television,t_ˈɛ_l_ɪ_v_ˌɪ_ʒ_ə_n
place,p_l_ˈeɪ_s
chop,tʃ_ˈɑː_p
music,m_j_ˈuː_z_ɪ_k
else,ˈɛ_l_s
pikachu,p_ɪ_k_ˈæ_tʃ_uː
happen,h_ˈæ_p_ə_n
tail,t_ˈeɪ_l
glue,ɡ_l_ˈuː
cute,k_j_ˈuː_t
roar,ɹ_ˈoːɹ
glitter,ɡ_l_ˈɪ_ɾ_ɚ_ɹ
attack,ɐ_t_ˈæ_k
hang,h_ˈæ_ŋ
horn,h_ˈɔːɹ_n
because,b_ɪ_k_ˈʌ_z
their,ð_ɛɹ
squeeze,s_k_w_ˈiː_z
holy,h_ˈoʊ_l_i
mole,m_ˈoʊ_l
cheerio,tʃ_ˈɪ_ɹ_ɪ__ˌoʊ
monkey,m_ˈʌ_n_k_i
coke,k_ˈoʊ_k
coin,k_ˈɔɪ_n
jello,dʒ_ˈɛ_l_oʊ
everywhere,ˈɛ_v_ɹ_ɪ_w_ˌɛɹ
baa,b_ˈɑː
jelly,dʒ_ˈɛ_l_i
squoosh,s_k_w_ˈuː_ʃ
melon,m_ˈɛ_l_ə_n
pizza,p_ˈiː_t_s_ə
nothing,n_ˈʌ_θ_ɪ_ŋ
pill,p_ˈɪ_l
crush,k_ɹ_ˈʌ_ʃ
henley,h_ˈɛ_n_l_i
stellas,s_t_ˈɛ_l_ə_z
shovel,ʃ_ˈʌ_v_əl
hole,h_ˈoʊ_l
cycle,s_ˈaɪ_k_əl
sport,s_p_ˈoːɹ_t
bout,b_ˈaʊ_t
periwinkle,p_ˈɛ_ɹ_ɪ_w_ˌɪ_ŋ_k_əl
clementine,k_l_ˈɛ_m_ɪ_n_t_ˌaɪ_n
magenta,m_ə_dʒ_ˈɛ_n_t_ə
gotta,ɡ_ˈɑː_ɾ_ə
puck,p_ˈʌ_k
monorail,m_ˈɑː_n_oʊ_ɹ_ˌeɪ_l
story,s_t_ˈoː_ɹ_i
behind,b_ɪ_h_ˌaɪ_n_d
oo,ˈuː
cruise,k_ɹ_ˈuː_z
speed,s_p_ˈiː_d
ski,s_k_ˈiː_
oink,ˈɔɪ_ŋ_k
excavator,ˈɛ_k_s_k_ə_v_ˌeɪ_ɾ_ɚ
maisy,m_ˈeɪ_z_i
dear,d_ˈɪɹ
burt,b_ˈɜː_t
spider,s_p_ˈaɪ_d_ɚ
lot,l_ˈɑː_t
boston,b_ˈɔ_s_t_ə_n
cane,k_ˈeɪ_n
nut,n_ˈʌ_t
nail,n_ˈeɪ_l
rake,ɹ_ˈeɪ_k
pen,p_ˈɛ_n
family,f_ˈæ_m_ɪ_l_i
ladder,l_ˈæ_d_ɚ
bottom,b_ˈɑː_ɾ_ə_m
snow,s_n_ˈoʊ
fox,f_ˈɑː_k_s
ankle,ˈæ_ŋ_k_əl
freeze,f_ɹ_ˈiː_z
tiger,t_ˈaɪ_ɡ_ɚ
guess,ɡ_ˈɛ_s
pooh,p_ˈuː
stripe,s_t_ɹ_ˈaɪ_p
ray,ɹ_ˈeɪ
janet,dʒ_ˈæ_n_ɪ_t
zebra,z_ˈiː_b_ɹ_ə
view,v_j_ˈuː
mirror,m_ˈɪ_ɹ_ɚ
zero,z_ˈiə_ɹ_oʊ
mud,m_ˈʌ_d
money,m_ˈʌ_n_i
honk,h_ˈɑː_ŋ_k
vroom,v_ˈiː_ɹ_ˈuː_m
hay,h_ˈeɪ
ew,j_ˈuː
apatosaurus,ɐ_p_ˌæ_ɾ_ə_s_ˈɔː_ɹ_ə_s
ding,d_ˈɪ_ŋ
thirty,θ_ˈɜː_ɾ_i
grain,ɡ_ɹ_ˈeɪ_n
bow,b_ˈoʊ
insect,ˈɪ_n_s_ɛ_k_t
leave,l_ˈiː_v
quilt,k_w_ˈɪ_l_t
bring,b_ɹ_ˈɪ_ŋ
quail,k_w_ˈeɪ_l
itsy,ˈɪ_t_s_i
bitsy,b_ˈɪ_t_s_i
space,s_p_ˈeɪ_s
shuttle,ʃ_ˈʌ_ɾ_əl
wonder,w_ˈʌ_n_d_ɚ
balance,b_ˈæ_l_ə_n_s
shell,ʃ_ˈɛ_l
garbage,ɡ_ˈɑːɹ_b_ɪ_dʒ
purse,p_ˈɜː_s
raindrop,ɹ_ˈeɪ_n_d_ɹ_ɑː_p
teddy,t_ˈɛ_d_i
tissue,t_ˈɪ_ʃ_uː
gift,ɡ_ˈɪ_f_t
dohs,d_ˈoʊ_z
bead,b_ˈiː_d
tank,t_ˈæ_ŋ_k
gee,dʒ_ˈiː
drip,d_ɹ_ˈɪ_p
united,j_uː_n_ˈaɪ_ɾ_ᵻ_d
states,s_t_ˈeɪ_t_s
clap,k_l_ˈæ_p
tap,t_ˈæ_p
vain,v_ˈeɪ_n
violin,v_aɪə_l_ˈɪ_n
bad,b_ˈæ_d
luck,l_ˈʌ_k
weeny,w_ˈiː_n_i
macdonald,m_ə_k_d_ˈɑː_n_əl_d
sailor,s_ˈeɪ_l_ɚ
still,s_t_ˈɪ_l
string,s_t_ɹ_ˈɪ_ŋ
as,æ_z
gram,ɡ_ɹ_ˈæ_m
night,n_ˈaɪ_t
laa,l_ˈɑː
po,p_ˈoʊ
oopsies,ˈuː_p_s_ɪ_z
bounce,b_ˈaʊ_n_s
scooter,s_k_ˈuː_ɾ_ɚ
tinky,t_ˈɪ_ŋ_k_i
winky,w_ˈɪ_ŋ_k_i
cross,k_ɹ_ˈɔ_s
road,ɹ_ˈoʊ_d
salami,s_ɐ_l_ˈɑː_m_i
sandwich,s_ˈæ_n_d_w_ɪ_tʃ
pool,p_ˈuː_l
dipsy,d_ˈɪ_p_s_i
hide,h_ˈaɪ_d
pie,p_ˈaɪ
boinga,b_oʊ_ˈɪ_ŋ_ɡ_ə
sausage,s_ˈɔː_s_ɪ_dʒ
cupcake,k_ˈʌ_p_k_eɪ_k
sew,s_ˈoʊ
cap,k_ˈæ_p
berry,b_ˈɛ_ɹ_i
moose,m_ˈuː_s
kid,k_ˈɪ_d
jingle,dʒ_ˈɪ_ŋ_ɡ_əl
sleigh,s_l_ˈeɪ
lizzy,l_ˈɪ_z_i_
upon,ə_p_ˌɑː_n
leapfrog,l_ˈiː_p_f_ɹ_ɑː_ɡ
indian,ˈɪ_n_d_iə_n
clothes,k_l_ˈoʊ_ð_z
act,ˈæ_k_t
naughty,n_ˈɔː_ɾ_i
tell,t_ˈɛ_l
rude,ɹ_ˈuː_d
lay,l_ˈeɪ
sweater,s_w_ˈɛ_ɾ_ɚ
closet,k_l_ˈɑː_z_ɪ_t
march,m_ˈɑːɹ_tʃ
spocket,s_p_ˈɑː_k_ɪ_t
choice,tʃ_ˈɔɪ_s
delivery,d_ɪ_l_ˈɪ_v_ɚ_ɹ_i
van,v_ˈæ_n
ground,ɡ_ɹ_ˈaʊ_n_d
corn,k_ˈɔːɹ_n
dot,d_ˈɑː_t
explore,ɛ_k_s_p_l_ˈoːɹ
forever,f_ɚ_ɹ_ˈɛ_v_ɚ
compute,k_ə_m_p_j_ˈuː_t
jaguar,dʒ_ˈæ_ɡ_w_ɑːɹ
boop,b_ˈuː_p
yak,j_ˈæ_k
ocean,ˈoʊ_ʃ_ə_n
neck,n_ˈɛ_k
kangaroo,k_ˈæ_ŋ_ɡ_ɐ_ɹ_ˌuː
tyrannosaurus,t_ˌɪ_ɹ_ɐ_n_ə_s_ˈɔː_ɹ_ə_s
swoop,s_w_ˈuː_p
coupe,k_ˈuː_p
koala,k_oʊ_ˈɑː_l_ə
though,ð_ˌoʊ
kidney,k_ˈɪ_d_n_i_
also,ˈɑː_l_s_oʊ
christmases,k_ɹ_ˈɪ_s_m_ə_s_ᵻ_z
lens,l_ˈɛ_n_z
rose,ɹ_ˈoʊ_z
rain,ɹ_ˈeɪ_n
seek,s_ˈiː_k
button,b_ˈʌ_ʔ_n̩
placemat,p_l_ˈeɪ_s_m_æ_t
gas,ɡ_ˈæ_s
station,s_t_ˈeɪ_ʃ_ə_n
only,ˈoʊ_n_l_i
remove,ɹ_ɪ_m_ˈuː_v
bub,b_ˈʌ_b
swirl,s_w_ˈɜː_l
pelican,p_ˈɛ_l_ɪ_k_ə_n
sunshine,s_ˈʌ_n_ʃ_aɪ_n
john,dʒ_ˈɑː_n
railroad,ɹ_ˈeɪ_l_ɹ_oʊ_d
spot,s_p_ˈɑː_t
forget,f_ɚ_ɡ_ˈɛ_t
mitten,m_ˈɪ_ʔ_n̩
instead,ɪ_n_s_t_ˈɛ_d
pedestrian,p_ə_d_ˈɛ_s_t_ɹ_iə_n
cover,k_ˈʌ_v_ɚ
puddle,p_ˈʌ_d_əl
bloopie,b_l_ˈuː_p_aɪ
spill,s_p_ˈɪ_l
keep,k_ˈiː_p
spout,s_p_ˈaʊ_t
splash,s_p_l_ˈæ_ʃ
snuff,s_n_ˈʌ_f
giddyup,ɡ_ˈɪ_d_ɪ__ˌʌ_p
antelope,ˈæ_n_t_ɪ_l_ˌoʊ_p
adieu,ɐ_d_j_ˈuː
lobster,l_ˈɑː_b_s_t_ɚ
magna,m_ˈæ_ɡ_n_ə
doodle,d_ˈuː_d_əl
anymore,ˌɛ_n_ɪ_m_ˈoːɹ
branch,b_ɹ_ˈæ_n_tʃ
once,w_ˈʌ_n_s
elbow,ˈɛ_l_b_oʊ
thick,θ_ˈɪ_k
nap,n_ˈæ_p
pattern,p_ˈæ_t_ɚ_n
finger,f_ˈɪ_ŋ_ɡ_ɚ
clover,k_l_ˈoʊ_v_ɚ
wing,w_ˈɪ_ŋ
great,ɡ_ɹ_ˈeɪ_t
dance,d_ˈæ_n_s
cheryl,ʃ_ˈɛ_ɹ_əl
propel,p_ɹ_ə_p_ˈɛ_l
ed,ˈɛ_d
beetle,b_ˈiː_ɾ_əl
ben,b_ˈɛ_n
knock,n_ˈɑː_k
bundle,b_ˈʌ_n_d_əl
idea,aɪ_d_ˈiə
glug,ɡ_l_ˈʌ_ɡ
fill,f_ˈɪ_l
chevy,ʃ_ˈɛ_v_i
tickle,t_ˈɪ_k_əl
coat,k_ˈoʊ_t
park,p_ˈɑːɹ_k
bang,b_ˈæ_ŋ
oil,ˈɔɪ_l
burger,b_ˈɜː_ɡ_ɚ
timmy,t_ˈɪ_m_i
sesame,s_ˈɛ_s_ɐ_m_i
betsy,b_ˈɛ_t_s_i
grab,ɡ_ɹ_ˈæ_b
type,t_ˈaɪ_p
toss,t_ˈɑː_s
tubby,t_ˈʌ_b_i
popsicle,p_ˈɑː_p_s_ɪ_k_əl
tart,t_ˈɑːɹ_t
kitchen,k_ˈɪ_tʃ_ə_n
different,d_ˈɪ_f_ɹ_ə_n_t
both,b_ˈoʊ_θ
foo,f_ˈuː
mat,m_ˈæ_t
gasoline,ɡ_ˈæ_s_ə_l_ˌiː_n
rail,ɹ_ˈeɪ_l
thirst,θ_ˈɜː_s_t
perfect,p_ˈɜː_f_ɛ_k_t
important,ɪ_m_p_ˈoːɹ_t_ə_n_t
pillow,p_ˈɪ_l_oʊ
kick,k_ˈɪ_k
worm,w_ˈɜː_m
secret,s_ˈiː_k_ɹ_ə_t
bone,b_ˈoʊ_n
foow,f_ˈuː_w
disgust,d_ɪ_s_ɡ_ˈʌ_s_t
salmon,s_ˈæ_m_ə_n
point,p_ˈɔɪ_n_t
line,l_ˈaɪ_n
bologna,b_ə_l_ˈoʊ_n_i
ham,h_ˈæ_m
diddle,d_ˈɪ_d_əl
crawl,k_ɹ_ˈɔː_l
fiddle,f_ˈɪ_d_əl
spaghetti,s_p_ɐ_ɡ_ˈɛ_ɾ_i
seventy,s_ˈɛ_v_ə_n_t_i
goodness,ɡ_ˈʊ_d_n_ə_s
poor,p_ˈʊɹ
meatball,m_ˈiː_t_b_ɔː_l
sneeze,s_n_ˈiː_z
onto,ˌɑː_n_t_ʊ
aisle,ˈaɪə_l
memory,m_ˈɛ_m_ɚ_ɹ_i
jolly,dʒ_ˈɑː_l_i_
accident,ˈæ_k_s_ɪ_d_ə_n_t
deny,d_ɪ_n_ˈaɪ
win,w_ˈɪ_n
chew,tʃ_j_ˈuː
thumb,θ_ˈʌ_m
siesta,s_iː__ˈɛ_s_t_ə
broccoli,b_ɹ_ˈɑː_k_ə_l_i
drawer,d_ɹ_ˈɔːɹ
talk,t_ˈɔː_k
french,f_ɹ_ˈɛ_n_tʃ
fry,f_ɹ_ˈaɪ
nugget,n_ˈʌ_ɡ_ɪ_t
hungry,h_ˈʌ_ŋ_ɡ_ɹ_i
soda,s_ˈoʊ_d_ə
whip,w_ˈɪ_p
operate,ˈɑː_p_ɚ_ɹ_ˌeɪ_t
job,dʒ_ˈɑː_b
okey,ˈoʊ_k_i
dokey,d_ˈoʊ_k_i_
underwater,ˌʌ_n_d_ɚ_w_ˈɔː_ɾ_ɚ
porsche,p_ˈoːɹ_ʃ
nurse,n_ˈɜː_s
sideways,s_ˈaɪ_d_w_eɪ_z
arrow,ˈæ_ɹ_oʊ
bend,b_ˈɛ_n_d
monte,m_ˈɑː_n_t_i
carlo,k_ˈɑːɹ_l_oʊ
fabulous,f_ˈæ_b_j_ʊ_l_ə_s
race,ɹ_ˈeɪ_s
fifty,f_ˈɪ_f_t_i
camaro,k_æ_m_ˈæ_ɹ_oʊ
riviera,ɹ_ˌɪ_v_i__ˈɛ_ɹ_ə
pair,p_ˈɛɹ
starfish,s_t_ˈɑːɹ_f_ɪ_ʃ
accordion,ɐ_k_ˈoːɹ_d_iə_n
peek,p_ˈiː_k
boom,b_ˈuː_m
lotus,l_ˈoʊ_ɾ_ə_s
super,s_ˈuː_p_ɚ
skin,s_k_ˈɪ_n
search,s_ˈɜː_tʃ
peach,p_ˈiː_tʃ
dolphin,d_ˈɑː_l_f_ɪ_n
teen,t_ˈiː_n
grocery,ɡ_ɹ_ˈoʊ_s_ɚ_ɹ_i
bar,b_ˈɑːɹ
wherever,w_ɛɹ_ɹ_ˈɛ_v_ɚ
hallway,h_ˈɔː_l_w_eɪ
uncle,ˈʌ_ŋ_k_əl
treasure,t_ɹ_ˈɛ_ʒ_ɚ_ɹ
island,ˈaɪ_l_ə_n_d
veggie,v_ˈɛ_dʒ_i
tales,t_ˈeɪ_l_z
squiggly,s_k_w_ˈɪ_ɡ_l_i
chance,tʃ_ˈæ_n_s
promise,p_ɹ_ˈɑː_m_ɪ_s
land,l_ˈæ_n_d
tea,t_ˈiː
motorcycle,m_ˈoʊ_ɾ_ɚ_s_ˌaɪ_k_əl
fine,f_ˈaɪ_n
cheat,tʃ_ˈiː_t
tram,t_ɹ_ˈæ_m
snail,s_n_ˈeɪ_l
tire,t_ˈaɪɚ
pack,p_ˈæ_k
imagination,ɪ_m_ˌæ_dʒ_ᵻ_n_ˈeɪ_ʃ_ə_n
tick,t_ˈɪ_k
tock,t_ˈɑː_k
eh,ˈeɪ
onion,ˈʌ_n_iə_n
icky,ˈaɪ_k_i_
arabesque,ˌæ_ɹ_eɪ_b_ˈɛ_s_k
doo,d_ˈuː
beet,b_ˈiː_t
round,ɹ_ˈaʊ_n_d
chinese,tʃ_aɪ_n_ˈiː_z
yobaby,j_ˈɑː_b_eɪ_b_i
feel,f_ˈiː_l
trap,t_ɹ_ˈæ_p
carpet,k_ˈɑːɹ_p_ɪ_t
wind,w_ˈɪ_n_d
bottle,b_ˈɑː_ɾ_əl
adore,ɐ_d_ˈoːɹ
brontosaurus,b_ɹ_ˌɑː_n_t_ə_s_ˈɔː_ɹ_ə_s
yuck,j_ˈʌ_k
practice,p_ɹ_ˈæ_k_t_ɪ_s
cloth,k_l_ˈɔ_θ
scoop,s_k_ˈuː_p
tennis,t_ˈɛ_n_ᵻ_s
racquet,ɹ_ˈæ_k_eɪ
itch,ˈɪ_tʃ
vitamin,v_ˈaɪ_ɾ_ə_m_ᵻ_n
medicine,m_ˈɛ_d_ə_s_ə_n
slipper,s_l_ˈɪ_p_ɚ
stupid,s_t_ˈuː_p_ɪ_d
dinner,d_ˈɪ_n_ɚ
mind,m_ˈaɪ_n_d
wide,w_ˈaɪ_d
shut,ʃ_ˈʌ_t
snap,s_n_ˈæ_p
beat,b_ˈiː_t
candle,k_ˈæ_n_d_əl
barney,b_ˈɑːɹ_n_i
fat,f_ˈæ_t
ethan,ˈiː_θ_ə_n
ho,h_ˈoʊ
chucky,tʃ_ˈʌ_k_i
mike,m_ˈaɪ_k
jojo,dʒ_ˈoʊ_dʒ_oʊ
circus,s_ˈɜː_k_ə_s
whose,h_ˌuː_z
sleeve,s_l_ˈiː_v
bump,b_ˈʌ_m_p
clifford,k_l_ˈɪ_f_ɚ_d
eeyore,ˈiː_j_oːɹ
dinky,d_ˈɪ_ŋ_k_i
step,s_t_ˈɛ_p
hip,h_ˈɪ_p
snout,s_n_ˈaʊ_t
twinkle,t_w_ˈɪ_ŋ_k_əl
snore,s_n_ˈoːɹ
smoke,s_m_ˈoʊ_k
above,ə_b_ˌʌ_v
own,ˈoʊ_n
couple,k_ˈʌ_p_əl
garage,ɡ_ɐ_ɹ_ˈɑː_ʒ
spy,s_p_ˈaɪ
crooked,k_ɹ_ˈʊ_k_ɪ_d
sunflower,s_ˈʌ_n_f_l_aʊ_ɚ
wall,w_ˈɔː_l
tush,t_ˈʊ_ʃ
snip,s_n_ˈɪ_p
snoo,s_n_ˈuː
goliath,ɡ_ə_l_ˈaɪə_θ
skeebo,s_k_ˈiː_b_oʊ
croaky,k_ɹ_ˈoʊ_k_i
trina,t_ɹ_ˈiː_n_ə
sandal,s_ˈæ_n_d_əl
mrs,m_ˈɪ_s_ɪ_z
kerplatski,k_ɜː_p_l_ˈæ_t_s_k_i
caboose,k_ˈæ_b_uː_s
save,s_ˈeɪ_v
tater,t_ˈeɪ_ɾ_ɚ
spudinski,s_p_j_uː_d_ˈɪ_n_s_k_i
spud,s_p_ˈʌ_d
together,t_ə_ɡ_ˌɛ_ð_ɚ_ɹ
empty,ˈɛ_m_p_t_i
hop,h_ˈɑː_p
bok,b_ˈɑː_k
cock,k_ˈɑː_k
scrub,s_k_ɹ_ˈʌ_b
shine,ʃ_ˈaɪ_n
cheek,tʃ_ˈiː_k
caterpillar,k_ˈæ_ɾ_ɚ_p_ˌɪ_l_ɚ
zip,z_ˈɪ_p
noodle,n_ˈuː_d_əl
stanley,s_t_ˈæ_n_l_i
rub,ɹ_ˈʌ_b
bicycle,b_ˈaɪ_s_ɪ_k_əl
bright,b_ɹ_ˈaɪ_t
dress,d_ɹ_ˈɛ_s
anybody,ˈɛ_n_ɪ_b_ˌɑː_d_i
james,dʒ_ˈeɪ_m_z
missus,m_ˈɪ_s_ə_s
teletubby,t_ˈɛ_l_ɪ_t_ˌʌ_b_i
scare,s_k_ˈɛɹ
remember,ɹ_ɪ_m_ˈɛ_m_b_ɚ
thomas,t_ˈɑː_m_ə_s
pattycake,p_ˈæ_ɾ_ɪ_k_ˌeɪ_k
bake,b_ˈeɪ_k
croquet,k_ɹ_ˈɑː_k_eɪ
yours,j_ˈoːɹ_z
thumbkin,θ_ˈʌ_m_b_k_ɪ_n
pad,p_ˈæ_d
wrong,ɹ_ˈɔ_ŋ
pitch,p_ˈɪ_tʃ
burp,b_ˈɜː_p
baseball,b_ˈeɪ_s_b_ɔː_l
glad,ɡ_l_ˈæ_d
breakdown,b_ɹ_ˈeɪ_k_d_aʊ_n
team,t_ˈiː_m
hoop,h_ˈuː_p
kix,k_ˈɪ_k_s
giddy,ɡ_ˈɪ_d_i_
indigo,ˈɪ_n_d_ɪ_ɡ_ˌoʊ
trailer,t_ɹ_ˈeɪ_l_ɚ
napkin,n_ˈæ_p_k_ɪ_n
gate,ɡ_ˈeɪ_t
pine,p_ˈaɪ_n
exclamation,ɛ_k_s_k_l_ɐ_m_ˈeɪ_ʃ_ə_n
hammer,h_ˈæ_m_ɚ
tool,t_ˈuː_l
bush,b_ˈʊ_ʃ
saw,s_ˈɔː
chunk,tʃ_ˈʌ_ŋ_k
chug,tʃ_ˈʌ_ɡ
video,v_ˈɪ_d_ɪ__oʊ
body,b_ˈɑː_d_i
tub,t_ˈʌ_b
abuela,ɐ_b_j_ˈuː_l_ə
pet,p_ˈɛ_t
clip,k_l_ˈɪ_p
nipple,n_ˈɪ_p_əl
chewy,tʃ_j_ˈuː_i
gooey,ɡ_ˈuː_i
pound,p_ˈaʊ_n_d
cinnamon,s_ˈɪ_n_ə_m_ə_n
every,ˈɛ_v_ɹ_i
cereal,s_ˈiə_ɹ_ɪ__əl
doctor,d_ˈɑː_k_t_ɚ
freddy,f_ɹ_ˈɛ_d_i
synonym,s_ˈɪ_n_ə_n_ˌɪ_m
desk,d_ˈɛ_s_k
hook,h_ˈʊ_k
o'clock,ə_k_l_ˈɑː_k
glow,ɡ_l_ˈoʊ
mush,m_ˈʌ_ʃ
tow,t_ˈoʊ
cracker,k_ɹ_ˈæ_k_ɚ_ɹ
axe,ˈæ_k_s
raisin,ɹ_ˈeɪ_z_ə_n
mister,m_ˈɪ_s_t_ɚ
pussy,p_ˈʊ_s_i
max,m_ˈæ_k_s
word,w_ˈɜː_d
lurkey,l_ˈɜː_k_i
dig,d_ˈɪ_ɡ
trade,t_ɹ_ˈeɪ_d
doze,d_ˈoʊ_z
share,ʃ_ˈɛɹ
ply,p_l_ˈaɪ
lamb,l_ˈæ_m
boxcar,b_ˈɑː_k_s_k_ɑːɹ
screw,s_k_ɹ_ˈuː
child,tʃ_ˈaɪ_l_d
load,l_ˈoʊ_d
hurry,h_ˈɜː_ɹ_i
cage,k_ˈeɪ_dʒ
base,b_ˈeɪ_s
score,s_k_ˈoːɹ
tangle,t_ˈæ_ŋ_ɡ_əl
low,l_ˈoʊ
sam,s_ˈæ_m
plop,p_l_ˈɑː_p
soccer,s_ˈɑː_k_ɚ
second,s_ˈɛ_k_ə_n_d
bleep,b_l_ˈiː_p
dwonk,d_w_ˈɑː_n_k
rubber,ɹ_ˈʌ_b_ɚ
band,b_ˈæ_n_d
winnie,w_ˈɪ_n_i
pinch,p_ˈɪ_n_tʃ
tigger,t_ˈɪ_ɡ_ɚ
fight,f_ˈaɪ_t
lift,l_ˈɪ_f_t
backbone,b_ˈæ_k_b_oʊ_n
doug,d_ˈʌ_ɡ
speak,s_p_ˈiː_k
buckle,b_ˈʌ_k_əl
letter,l_ˈɛ_ɾ_ɚ
bib,b_ˈɪ_b
cardboard,k_ˈɑːɹ_d_b_oːɹ_d
muffin,m_ˈʌ_f_ɪ_n
rolly,ɹ_ˈoʊ_l_i
pencil,p_ˈɛ_n_s_əl
level,l_ˈɛ_v_əl
machine,m_ə_ʃ_ˈiː_n
wool,w_ˈʊ_l
mushroom,m_ˈʌ_ʃ_ɹ_uː_m
panda,p_ˈæ_n_d_ə
dame,d_ˈeɪ_m
whistle,w_ˈɪ_s_əl
middle,m_ˈɪ_d_əl
shall,ʃ_ˌæ_l
steel,s_t_ˈiː_l
wrench,ɹ_ˈɛ_n_tʃ
lane,l_ˈeɪ_n
pew,p_j_ˈuː
jack,dʒ_ˈæ_k
nimble,n_ˈɪ_m_b_əl
dream,d_ɹ_ˈiː_m
hiss,h_ˈɪ_s
coconut,k_ˈoʊ_k_ə_n_ˌʌ_t
tanker,t_ˈæ_ŋ_k_ɚ
lock,l_ˈɑː_k
click,k_l_ˈɪ_k
stew,s_t_ˈuː
root,ɹ_ˈuː_t
dragon,d_ɹ_ˈæ_ɡ_ə_n
uphill,ʌ_p_h_ˈɪ_l
downhill,d_ˈaʊ_n_h_ɪ_l
boulder,b_ˈoʊ_l_d_ɚ
darling,d_ˈɑːɹ_l_ɪ_ŋ
hoot,h_ˈuː_t
ostrich,ˈɑː_s_t_ɹ_ɪ_tʃ
laugh,l_ˈæ_f
escalator,ˈɛ_s_k_ɐ_l_ˌeɪ_ɾ_ɚ
brick,b_ɹ_ˈɪ_k
vrum,v_ˈiː_ɹ_ˈʌ_m
engineer,ˌɛ_n_dʒ_ɪ_n_ˈɪɹ
cement,s_ɪ_m_ˈɛ_n_t
puff,p_ˈʌ_f
ditch,d_ˈɪ_tʃ
vrump,v_ˈiː_ɹ_ˈʌ_m_p
stone,s_t_ˈoʊ_n
breast,b_ɹ_ˈɛ_s_t
jeep,dʒ_ˈiː_p
trouble,t_ɹ_ˈʌ_b_əl
busy,b_ˈɪ_z_i
knead,n_ˈiː_d
mark,m_ˈɑːɹ_k
bonk,b_ˈɑː_ŋ_k
loud,l_ˈaʊ_d
diaper,d_ˈaɪ_p_ɚ
noise,n_ˈɔɪ_z
toby,t_ˈoʊ_b_i
gravel,ɡ_ɹ_ˈæ_v_əl
raspberry,ɹ_ˈæ_s_b_ɛ_ɹ_i
davy,d_ˈeɪ_v_i
dumpling,d_ˈʌ_m_p_l_ɪ_ŋ
pickleberry,p_ˈɪ_k_l_ɪ_b_ˌɛ_ɹ_i
wire,w_ˈaɪɚ
beard,b_ˈɪɹ_d
mcdonald,m_ə_k_d_ˈɑː_n_əl_d
air,ˈɛɹ
condition,k_ə_n_d_ˈɪ_ʃ_ə_n
ugly,ˈʌ_ɡ_l_i
site,s_ˈaɪ_t
lofty,l_ˈɔ_f_t_i
sunglass,s_ˈʌ_ŋ_ɡ_l_æ_s
dude,d_ˈuː_d
wooden,w_ˈʊ_d_ə_n
bumble,b_ˈʌ_m_b_əl
smush,s_m_ˈʌ_ʃ
golf,ɡ_ˈɑː_l_f
donald,d_ˈɑː_n_əl_d
wreck,ɹ_ˈɛ_k
sand,s_ˈæ_n_d
sign,s_ˈaɪ_n
clown,k_l_ˈaʊ_n
construction,k_ə_n_s_t_ɹ_ˈʌ_k_ʃ_ə_n
crunch,k_ɹ_ˈʌ_n_tʃ
juggle,dʒ_ˈʌ_ɡ_əl
dandelion,d_ˈæ_n_d_ɪ_l_ˌaɪə_n
lie,l_ˈaɪ
asphalt,ˈæ_s_f_ɑː_l_t
ticket,t_ˈɪ_k_ɪ_t
field,f_ˈiː_l_d
flap,f_l_ˈæ_p
douglas,d_ˈʌ_ɡ_l_ə_z
vacuum,v_ˈæ_k_j_uː_m
planet,p_l_ˈæ_n_ɪ_t
dangerous,d_ˈeɪ_n_dʒ_ɚ_ɹ_ə_s
drawing,d_ɹ_ˈɔː_ɪ_ŋ
hush,h_ˈʌ_ʃ
lots,l_ˈɑː_t_s
bark,b_ˈɑːɹ_k
thwap,θ_w_ˈæ_p
agree,ɐ_ɡ_ɹ_ˈiː
trapeze,t_ɹ_ə_p_ˈiː_z
artist,ˈɑːɹ_ɾ_ɪ_s_t
doopsie,d_ˈuː_p_s_i
market,m_ˈɑːɹ_k_ɪ_t
tromming,t_ɹ_ˈɑː_m_ɪ_ŋ
tony,t_ˈoʊ_n_i
clear,k_l_ˈɪɹ
skateboard,s_k_ˈeɪ_t_b_oːɹ_d
underwear,ˌʌ_n_d_ɚ_w_ˈɛɹ
mack,m_ˈæ_k
depot,d_ˈiː_p_oʊ
crocodile,k_ɹ_ˈɑː_k_ə_d_ˌaɪ_l
waffle,w_ˈɑː_f_əl
sidewalk,s_ˈaɪ_d_w_ɔː_k
row,ɹ_ˈoʊ
stream,s_t_ɹ_ˈiː_m
eensie,ˈiː_n_s_i
weensie,w_ˈiː_n_s_i
sweep,s_w_ˈiː_p
fridge,f_ɹ_ˈɪ_dʒ
amaze,ɐ_m_ˈeɪ_z
oscar,ˈɑː_s_k_ɚ
beak,b_ˈiː_k
nest,n_ˈɛ_s_t
accessorize,ɐ_k_s_ˈɛ_s_ɚ_ɹ_ˌaɪ_z
whack,w_ˈæ_k
strap,s_t_ɹ_ˈæ_p
mountain,m_ˈaʊ_n_t_ɪ_n
olivia,ɑː_l_ˈɪ_v_iə
trampoline,t_ɹ_ˈæ_m_p_ə_l_ˌiː_n
crown,k_ɹ_ˈaʊ_n
mason,m_ˈeɪ_s_ə_n
board,b_ˈoːɹ_d
georgie,dʒ_ˈɔːɹ_dʒ_i
factory,f_ˈæ_k_t_ɚ_ɹ_i
robot,ɹ_ˈoʊ_b_ɑː_t
below,b_ɪ_l_ˌoʊ
belong,b_ɪ_l_ˈɑː_ŋ
kitten,k_ˈɪ_ʔ_n̩
jam,dʒ_ˈæ_m
cozy,k_ˈoʊ_z_i
naked,n_ˈeɪ_k_ᵻ_d
left,l_ˈɛ_f_t
eek,ˈiː_k
fluff,f_l_ˈʌ_f
tomcat,t_ˈɑː_m_k_æ_t
angel,ˈeɪ_n_dʒ_əl
refrigerator,ɹ_ɪ_f_ɹ_ˈɪ_dʒ_ɚ_ɹ_ˌeɪ_ɾ_ɚ
must,m_ˈʌ_s_t
magoo,m_ˈæ_ɡ_uː
sue,s_ˈuː
clump,k_l_ˈʌ_m_p
safe,s_ˈeɪ_f
mumps,m_ˈʌ_m_p_s
cole,k_ˈoʊ_l
bouncy,b_ˈaʊ_n_s_i
dora,d_ˈoː_ɹ_ə
freight,f_ɹ_ˈeɪ_t
shoot,ʃ_ˈuː_t
police,p_ə_l_ˈiː_s
fool,f_ˈuː_l
eggo,ˈɛ_ɡ_oʊ
tag,t_ˈæ_ɡ
along,ɐ_l_ˈɑː_ŋ
strike,s_t_ɹ_ˈaɪ_k
william,w_ˈɪ_l_j_ə_m
bridget,b_ɹ_ˈɪ_dʒ_ɪ_t
groan,ɡ_ɹ_ˈoʊ_n
dash,d_ˈæ_ʃ
ornament,ˈɔːɹ_n_ə_m_ə_n_t
tackle,t_ˈæ_k_əl
third,θ_ˈɜː_d
most,m_ˈoʊ_s_t
net,n_ˈɛ_t
chief,tʃ_ˈiː_f
oop,ˈuː_p
kia,k_ˈiː__ɐ
terrence,t_ˈɛ_ɹ_ə_n_s
frustrate,f_ɹ_ʌ_s_t_ɹ_ˈeɪ_t
elevator,ˈɛ_l_ɪ_v_ˌeɪ_ɾ_ɚ
grump,ɡ_ɹ_ˈʌ_m_p
dumpty,d_ˈʌ_m_p_t_i
harvey,h_ˈɑːɹ_v_i
halloween,h_ˌæ_l_oʊ_ˈiː_n
annie,ˈæ_n_i
king,k_ˈɪ_ŋ
salty,s_ˈɑː_l_t_i
suitcase,s_ˈuː_t_k_eɪ_s
peter,p_ˈiː_ɾ_ɚ
flame,f_l_ˈeɪ_m
hose,h_ˈoʊ_z
collect,k_ə_l_ˈɛ_k_t
leash,l_ˈiː_ʃ
bulldoze,b_ˈʊ_l_d_oʊ_z
pudding,p_ˈʊ_d_ɪ_ŋ
conk,k_ˈɑː_n_k
cranky,k_ɹ_ˈæ_ŋ_k_i
deliver,d_ɪ_l_ˈɪ_v_ɚ
percy,p_ˈɜː_s_i
buttock,b_ˈʌ_ɾ_ə_k
collar,k_ˈɑː_l_ɚ
tough,t_ˈʌ_f
situation,s_ˌɪ_tʃ_uː_ˈeɪ_ʃ_ə_n
whoosh,w_ˈuː_ʃ
turnip,t_ˈɜː_n_ɪ_p
smash,s_m_ˈæ_ʃ
beaver,b_ˈiː_v_ɚ
tip,t_ˈɪ_p
hiccup,h_ˈɪ_k_ʌ_p
pogo,p_ˈoʊ_ɡ_oʊ
london,l_ˈʌ_n_d_ə_n
spike,s_p_ˈaɪ_k
budge,b_ˈʌ_dʒ
queen,k_w_ˈiː_n
grip,ɡ_ɹ_ˈɪ_p
live,l_ˈaɪ_v
life,l_ˈaɪ_f
alarm,ɐ_l_ˈɑːɹ_m
awake,ɐ_w_ˈeɪ_k
yard,j_ˈɑːɹ_d
corduroy,k_ˈɔːɹ_dʒ_uː_ɹ_ˌɔɪ
shelf,ʃ_ˈɛ_l_f
screech,s_k_ɹ_ˈiː_tʃ
rush,ɹ_ˈʌ_ʃ
predict,p_ɹ_ɪ_d_ˈɪ_k_t
chimney,tʃ_ˈɪ_m_n_i
squeak,s_k_w_ˈiː_k
earth,ˈɜː_θ
puerto,p_w_ˈɛɹ_ɾ_oʊ
rico,ɹ_ˈiː_k_oʊ
plan,p_l_ˈæ_n
missy,m_ˈɪ_s_i
sodor,s_ˈoʊ_d_ɚ
river,ɹ_ˈɪ_v_ɚ
carousel,k_ˌæ_ɹ_ə_s_ˈɛ_l
born,b_ˈɔːɹ_n
always,ˈɔː_l_w_eɪ_z
leslie,l_ˈɛ_s_l_i
coal,k_ˈoʊ_l
loose,l_ˈuː_s
tripod,t_ɹ_ˈaɪ_p_ɑː_d
joshua,dʒ_ˈɑː_ʃ_j_uː_ə
should,ʃ_ˌʊ_d
dock,d_ˈɑː_k
die,d_ˈaɪ
learn,l_ˈɜː_n
gondola,ɡ_ə_n_d_ˈoʊ_l_ə
lap,l_ˈæ_p
free,f_ɹ_ˈiː
mattress,m_ˈæ_t_ɹ_ə_s
clacks,k_l_ˈæ_k_s
never,n_ˈɛ_v_ɚ
pan,p_ˈæ_n
rest,ɹ_ˈɛ_s_t
double,d_ˈʌ_b_əl
drug,d_ɹ_ˈʌ_ɡ
tugboat,t_ˈʌ_ɡ_b_oʊ_t
got,ɡ_ɑː_t
scuffy,s_k_ˈʌ_f_i
downstairs,d_ˈaʊ_n_s_t_ɛɹ_z
stove,s_t_ˈoʊ_v
quiet,k_w_ˈaɪə_t
corner,k_ˈɔːɹ_n_ɚ
rough,ɹ_ˈʌ_f
jar,dʒ_ˈɑːɹ
beginning,b_ɪ_ɡ_ˈɪ_n_ɪ_ŋ
easter,ˈiː_s_t_ɚ
turntable,t_ˈɜː_n_t_eɪ_b_əl
polka,p_ˈɑː_l_k_ə
chitty,tʃ_ˈɪ_ɾ_i
wipe,w_ˈaɪ_p
hen,h_ˈɛ_n
hiya,h_ˈaɪ_ɐ
across,ə_k_ɹ_ˌɑː_s
teenager,t_ˈiː_n_eɪ_dʒ_ɚ
skunk,s_k_ˈʌ_ŋ_k
route,ɹ_ˈaʊ_t
stir,s_t_ˈɜː
handy,h_ˈæ_n_d_i
problem,p_ɹ_ˈɑː_b_l_ə_m
sometimes,s_ˈʌ_m_t_aɪ_m_z
dong,d_ˈɑː_ŋ
troublesome,t_ɹ_ˈʌ_b_əl_s_ˌʌ_m
best,b_ˈɛ_s_t
late,l_ˈeɪ_t
basement,b_ˈeɪ_s_m_ə_n_t
fountain,f_ˈaʊ_n_t_ɪ_n
conductor,k_ə_n_d_ˈʌ_k_t_ɚ
dingy,d_ˈɪ_n_dʒ_i
copy,k_ˈɑː_p_i
koko,k_ˈoʊ_k_oʊ
part,p_ˈɑːɹ_t
pass,p_ˈæ_s
magnet,m_ˈæ_ɡ_n_ɪ_t
rusty,ɹ_ˈʌ_s_t_i_
alphabet,ˈæ_l_f_ə_b_ˌɛ_t
ramsey,ɹ_ˈæ_m_s_i
plenty,p_l_ˈɛ_n_t_i
seaweed,s_ˈiː_w_iː_d
pat,p_ˈæ_t
tug,t_ˈʌ_ɡ
officer,ˈɑː_f_ɪ_s_ɚ
forward,f_ˈoːɹ_w_ɚ_d
swamp,s_w_ˈɑː_m_p
care,k_ˈɛɹ
drag,d_ɹ_ˈæ_ɡ
meat,m_ˈiː_t
rear,ɹ_ˈɪɹ
hamburger,h_ˈæ_m_b_ɜː_ɡ_ɚ
spare,s_p_ˈɛɹ
tame,t_ˈeɪ_m
bare,b_ˈɛ_ɹ
ape,ˈeɪ_p
ever,ˈɛ_v_ɚ
bayoup,b_ˈaɪ_uː_p
peace,p_ˈiː_s
buffer,b_ˈʌ_f_ɚ
crank,k_ɹ_ˈæ_ŋ_k
twirl,t_w_ˈɜː_l
early,ˈɜː_l_i
moustache,m_ə_s_t_ˈæ_ʃ
twin,t_w_ˈɪ_n
cargo,k_ˈɑːɹ_ɡ_oʊ
dribble,d_ɹ_ˈɪ_b_əl
sarasponda,s_ˈæ_ɹ_ɐ_s_p_ˌɑː_n_d_ə
adoreo,ɐ_d_oː_ɹ_ˈeɪ_oʊ
hour,ˈaɪʊɹ
york,j_ˈɔːɹ_k
slip,s_l_ˈɪ_p
rat,ɹ_ˈæ_t
diesel,d_ˈiː_z_əl
lug,l_ˈʌ_ɡ
rule,ɹ_ˈuː_l
mash,m_ˈæ_ʃ
whole,h_ˈoʊ_l
signal,s_ˈɪ_ɡ_n_əl
google,ɡ_ˈuː_ɡ_əl
none,n_ˈʌ_n_
while,w_ˌaɪ_l
lurch,l_ˈɜː_tʃ
ton,t_ˈʌ_n
moan,m_ˈoʊ_n
eeney,ˈiː_n_i
meeney,m_ˈiː_n_i
lipstick,l_ˈɪ_p_s_t_ɪ_k
rouge,ɹ_ˈuː_ʒ
attach,ɐ_t_ˈæ_tʃ
raft,ɹ_ˈæ_f_t
war,w_ˈɔːɹ
half,h_ˈæ_f
yickity,j_ˈɪ_k_ɪ_ɾ_i
yack,j_ˈæ_k
hive,h_ˈaɪ_v
fred,f_ɹ_ˈɛ_d
ted,t_ˈɛ_d
hydrant,h_ˈaɪ_d_ɹ_ə_n_t
seesaw,s_ˈiː_s_ɔː
dalmatian,d_æ_l_m_ˈeɪ_ʃ_ə_n
mood,m_ˈuː_d
taxi,t_ˈæ_k_s_i
vehicle,v_ˈiə_k_əl
sister,s_ˈɪ_s_t_ɚ
brother,b_ɹ_ˈʌ_ð_ɚ
tender,t_ˈɛ_n_d_ɚ
terence,t_ˈɛ_ɹ_ə_n_s
tuba,t_ˈuː_b_ə
kaboom,k_ˈæ_b_uː_m
underpant,ˌʌ_n_d_ɚ_p_ˈæ_n_t
castle,k_ˈæ_s_əl
flavor,f_l_ˈeɪ_v_ɚ
buster,b_ˈʌ_s_t_ɚ
heh,h_ˈɛ_h
urgent,ˈɜː_dʒ_ə_n_t
means,m_ˈiː_n_z
cherry,tʃ_ˈɛ_ɹ_i
doobie,d_ˈuː_b_i
zoom,z_ˈuː_m
boil,b_ˈɔɪ_l
ache,ˈeɪ_k
moonlight,m_ˈuː_n_l_aɪ_t
remind,ɹ_ɪ_m_ˈaɪ_n_d
manner,m_ˈæ_n_ɚ
navy,n_ˈeɪ_v_i
suppose,s_ʌ_p_ˈoʊ_z
before,b_ɪ_f_ˌoːɹ
lobo,l_ˈoʊ_b_oʊ
notice,n_ˈoʊ_ɾ_ɪ_s
soft,s_ˈɔ_f_t
travis,t_ɹ_ˈæ_v_ɪ_s
alike,ɐ_l_ˈaɪ_k
forwards,f_ˈoːɹ_w_ɚ_d_z
each,ˈiː_tʃ
hick,h_ˈɪ_k
avenue,ˈæ_v_ə_n_ˌuː
plead,p_l_ˈiː_d
extra,ˈɛ_k_s_t_ɹ_ə
clay,k_l_ˈeɪ
jesse,dʒ_ˈɛ_s_i
stories,s_t_ˈoː_ɹ_ɪ_z
log,l_ˈɔ_ɡ
frighten,f_ɹ_ˈaɪ_ʔ_n̩
mother,m_ˈʌ_ð_ɚ
bertie,b_ˈɜː_ɾ_i
nobo,n_ˈoʊ_b_oʊ
float,f_l_ˈoʊ_t
toot,t_ˈuː_t
portuguese,p_ˌoːɹ_tʃ_ə_ɡ_ˈiː_z
highway,h_ˈaɪ_w_eɪ
astronaut,ˈæ_s_t_ɹ_ə_n_ˌɔː_t
usual,j_ˈuː_ʒ_uː_əl
moat,m_ˈoʊ_t
trim,t_ɹ_ˈɪ_m
powder,p_ˈaʊ_d_ɚ
yahoo,j_ˈæ_h_uː
ease,ˈiː_z
runway,ɹ_ˈʌ_n_w_eɪ
rhyme,ɹ_ˈaɪ_m
gordon,ɡ_ˈoːɹ_d_ə_n
dozen,d_ˈʌ_z_ə_n
picnic,p_ˈɪ_k_n_ɪ_k
hola,(es)_ˈo_l_a_(en-us)
spanish,s_p_ˈæ_n_ɪ_ʃ
rust,ɹ_ˈʌ_s_t
grate,ɡ_ɹ_ˈeɪ_t
pox,p_ˈɑː_k_s
rubble,ɹ_ˈʌ_b_əl
rice,ɹ_ˈaɪ_s
wrap,ɹ_ˈæ_p
trevor,t_ɹ_ˈɛ_v_ɚ_ɹ
ask,ˈæ_s_k
question,k_w_ˈɛ_s_tʃ_ə_n
porcupine,p_ˈoːɹ_k_j_uː_p_ˌaɪ_n
diddley,d_ˈɪ_d_l_i
boast,b_ˈoʊ_s_t
pokey,p_ˈoʊ_k_i
ribbon,ɹ_ˈɪ_b_ə_n
thin,θ_ˈɪ_n
harold,h_ˈæ_ɹ_əl_d
wit,w_ˈɪ_t
rollie,ɹ_ˈoʊ_l_i_
icicle,ˈaɪ_s_ɪ_k_əl
design,d_ɪ_z_ˈaɪ_n
brake,b_ɹ_ˈeɪ_k
decorate,d_ˈɛ_k_ɚ_ɹ_ˌeɪ_t
fuzz,f_ˈʌ_z
barrel,b_ˈæ_ɹ_əl
pontooned,p_ə_n_t_ˈuː_n_d
kerchief,k_ˈɜː_tʃ_iː_f
grommeryew,ɡ_ɹ_ˈɑː_m_ɚ_j_j_ˌuː
flip,f_l_ˈɪ_p
easel,ˈiː_z_əl
flatten,f_l_ˈæ_ʔ_n̩
blind,b_l_ˈaɪ_n_d
airport,ˈɛɹ_p_oːɹ_t
dune,d_ˈuː_n
buggy,b_ˈʌ_ɡ_i
funky,f_ˈʌ_ŋ_k_i
zaboo,z_ˈæ_b_uː
stepney,s_t_ˈɛ_p_n_i
boosan,b_ˈuː_s_ə_n
hangar,h_ˈæ_ŋ_ɡ_ɚ
sonic,s_ˈɑː_n_ɪ_k
bulstrode,b_ˈʌ_l_s_t_ɹ_oʊ_d
barge,b_ˈɑːɹ_dʒ
zhoo,ʒ_ˈuː
gear,ɡ_ˈɪɹ
reason,ɹ_ˈiː_z_ə_n
fair,f_ˈɛɹ
bing,b_ˈɪ_ŋ
bong,b_ˈɑː_ŋ
either,ˈiː_ð_ɚ
dickey,d_ˈɪ_k_i
dandy,d_ˈæ_n_d_i
dayja,d_ˈeɪ_dʒ_ə
zone,z_ˈoʊ_n
guard,ɡ_ˈɑːɹ_d
mic,m_ˈaɪ_k
are,ɑːɹ
bunch,b_ˈʌ_n_tʃ
zillion,z_ˈɪ_l_iə_n
mixup,m_ˈɪ_k_s_ʌ_p
costume,k_ˈɔ_s_t_uː_m
cuckoo,k_ˈʊ_k_uː
year,j_ˈɪɹ
strong,s_t_ɹ_ˈɔ_ŋ
dare,d_ˈɛɹ
send,s_ˈɛ_n_d
museum,m_j_uː_z_ˈiə_m
wife,w_ˈaɪ_f
siren,s_ˈaɪɚ_ɹ_ə_n
paddle,p_ˈæ_d_əl
tattle,t_ˈæ_ɾ_əl
bet,b_ˈɛ_t
piglet,p_ˈɪ_ɡ_l_ə_t
dine,d_ˈaɪ_n
michael,m_ˈaɪ_k_əl
art,ˈɑːɹ_t
pontoon,p_ə_n_t_ˈuː_n
order,ˈɔːɹ_d_ɚ
blink,b_l_ˈɪ_ŋ_k
anything,ˈɛ_n_ɪ_θ_ˌɪ_ŋ
beware,b_ɪ_w_ˈɛɹ
waterfall,w_ˈɔː_ɾ_ɚ_f_ˌɔː_l
doom,d_ˈuː_m
morn,m_ˈɔːɹ_n
skate,s_k_ˈeɪ_t
cling,k_l_ˈɪ_ŋ
clang,k_l_ˈæ_ŋ
frown,f_ɹ_ˈaʊ_n
brand,b_ɹ_ˈæ_n_d
takeoff,t_ˈeɪ_k_ɔ_f
droop,d_ɹ_ˈuː_p
zamboni,z_æ_m_b_ˈoʊ_n_i
loo,l_ˈuː
plain,p_l_ˈeɪ_n
coo,k_ˈuː
arnold,ˈɑːɹ_n_oʊ_l_d
worry,w_ˈʌ_ɹ_i
kipper,k_ˈɪ_p_ɚ
teletubbies,t_ˈɛ_l_ɪ_t_ˌʌ_b_ɪ_z
dreidel,d_ɹ_ˈeɪ_d_əl
direction,d_ɚ_ɹ_ˈɛ_k_ʃ_ə_n
choose,tʃ_ˈuː_z
lower,l_ˈoʊ_ɚ
hatch,h_ˈæ_tʃ
alien,ˈeɪ_l_iə_n
cab,k_ˈæ_b
hate,h_ˈeɪ_t
dooby,d_ˈuː_b_i
coach,k_ˈoʊ_tʃ
narrow,n_ˈæ_ɹ_oʊ
gus,ɡ_ˈʌ_s
multicolored,m_ˌʌ_l_t_ɪ_k_ˈʌ_l_ɚ_d
outer,ˈaʊ_ɾ_ɚ
contain,k_ə_n_t_ˈeɪ_n
turbo,t_ˈɜː_b_oʊ
magic,m_ˈæ_dʒ_ɪ_k
far,f_ˈɑːɹ
themselves,ð_ɛ_m_s_ˈɛ_l_v_z
himself,h_ɪ_m_s_ˈɛ_l_f
tent,t_ˈɛ_n_t
passenger,p_ˈæ_s_ɪ_n_dʒ_ɚ
goodbyes,ɡ_ˈʊ_d_b_aɪ_z
demonstration,d_ˌɛ_m_ə_n_s_t_ɹ_ˈeɪ_ʃ_ə_n
canister,k_ˈæ_n_ɪ_s_t_ɚ
weesh,w_ˈiː_ʃ
mask,m_ˈæ_s_k
than,ð_ɐ_n
warble,w_ˈɔːɹ_b_əl
ruff,ɹ_ˈʌ_f
even,ˈiː_v_ə_n
crew,k_ɹ_ˈuː
brio,b_ɹ_ˈiː__oʊ
past,p_ˈæ_s_t
fuel,f_j_ˈuː_ə_l
edward,ˈɛ_d_w_ɚ_d
mad,m_ˈæ_d
tin,t_ˈɪ_n
serve,s_ˈɜː_v
drawbridge,d_ɹ_ˈɔː_b_ɹ_ɪ_dʒ
passage,p_ˈæ_s_ɪ_dʒ
brang,b_ɹ_ˈæ_ŋ
oikoodledei,ˈɔɪ_k_uː_d_əl_d_ˌeɪ
chart,tʃ_ˈɑːɹ_t
character,k_ˈæ_ɹ_ɪ_k_t_ɚ
definite,d_ˈɛ_f_ɪ_n_ə_t
ev,ˈɛ_v
nutritious,n_j_uː_t_ɹ_ˈɪ_ʃ_ə_s
felt,f_ˈɛ_l_t
lunar,l_ˈuː_n_ɚ
crater,k_ɹ_ˈeɪ_ɾ_ɚ
sir,s_ˌɜː
shaft,ʃ_ˈæ_f_t
clara,k_l_ˈɑːɹ_ɹ_ə
fling,f_l_ˈɪ_ŋ
ups,ˌʌ_p_s
truckbot,t_ɹ_ˈʌ_k_b_ɑː_t
pompom,p_ˈɑː_m_p_ə_m
pedro,p_ˈɛ_d_ɹ_oʊ
prepare,p_ɹ_ɪ_p_ˈɛɹ
cockatoo,k_ˈɑː_k_ɐ_t_ˌuː
without,w_ɪ_ð_ˌaʊ_t
cockatiel,k_ˈɑː_k_ɐ_t_ˌiː_l
country,k_ˈʌ_n_t_ɹ_i
tom,t_ˈɑː_m
burn,b_ˈɜː_n
willy,w_ˈɪ_l_i
camp,k_ˈæ_m_p
stretch,s_t_ɹ_ˈɛ_tʃ
pots,p_ˈɑː_t_s
few,f_j_ˈuː
smear,s_m_ˈɪɹ
spacesuit,s_p_ˈeɪ_s_s_uː_t
fog,f_ˈɑː_ɡ
belly,b_ˈɛ_l_i
teletubbie,t_ˈɛ_l_ɪ_t_ˌʌ_b_i
rope,ɹ_ˈoʊ_p
supply,s_ə_p_l_ˈaɪ
toppemhat,t_ˈɑː_p_ɪ_m_h_ˌæ_t
vibrate,v_ˈaɪ_b_ɹ_eɪ_t
funnel,f_ˈʌ_n_əl
excite,ɛ_k_s_ˈaɪ_t
paw,p_ˈɔː
print,p_ɹ_ˈɪ_n_t
toad,t_ˈoʊ_d
visible,v_ˈɪ_z_ə_b_əl
asteroid,ˈæ_s_t_ɚ_ɹ_ˌɔɪ_d
metal,m_ˈɛ_ɾ_əl
lead,l_ˈiː_d
puppet,p_ˈʌ_p_ɪ_t
volcano,v_ɑː_l_k_ˈeɪ_n_oʊ
stake,s_t_ˈeɪ_k
dome,d_ˈoʊ_m
damp,d_ˈæ_m_p
duh,d_ˈʌ
susie,s_ˈuː_z_i
lick,l_ˈɪ_k
porthole,p_ˈoːɹ_t_h_oʊ_l
interest,ˈɪ_n_t_ɹ_ə_s_t
mobile,m_ˈoʊ_b_əl
further,f_ˈɜː_ð_ɚ
headlight,h_ˈɛ_d_l_aɪ_t
uff,ˈʌ_f
alive,ɐ_l_ˈaɪ_v
wont,w_ˈɑː_n_t
shed,ʃ_ˈɛ_d
antenna,æ_n_t_ˈɛ_n_ə
spick,s_p_ˈɪ_k
span,s_p_ˈæ_n
caroline,k_ˈæ_ɹ_ə_l_ˌaɪ_n
itself,ɪ_t_s_ˈɛ_l_f
lugging,l_ˈʌ_ɡ_ɪ_ŋ
tugging,t_ˈʌ_ɡ_ɪ_ŋ
plug,p_l_ˈʌ_ɡ
pilchard,p_ˈɪ_l_tʃ_ɚ_d
pump,p_ˈʌ_m_p
flatter,f_l_ˈæ_ɾ_ɚ
locust,l_ˈoʊ_k_ʌ_s_t
chugga,tʃ_ˈʌ_ɡ_ə
falafel,f_ˈæ_l_eɪ_f_əl
cyril,s_ˈɪ_ɹ_əl
anywhere,ˈɛ_n_ɪ_w_ˌɛɹ
sleepover,s_l_ˈiː_p_oʊ_v_ɚ
mold,m_ˈoʊ_l_d
cricket,k_ɹ_ˈɪ_k_ɪ_t
magnify,m_ˈæ_ɡ_n_ɪ_f_ˌaɪ
figure,f_ˈɪ_ɡ_j_ɚ
repair,ɹ_ɪ_p_ˈɛɹ
nori,n_ˈɔː_ɹ_i
mars,m_ˈɑːɹ_z
jupiter,dʒ_ˈuː_p_ɪ_ɾ_ɚ
saturn,s_ˈæ_ɾ_ɜː_n
uniform,j_ˈuː_n_ɪ_f_ˌɔːɹ_m
tweak,t_w_ˈiː_k
muck,m_ˈʌ_k
rah,ɹ_ˈɑː
razzle,ɹ_ˈæ_z_əl
dazzle,d_ˈæ_z_əl
squigglies,s_k_w_ˈɪ_ɡ_l_i_z
forth,f_ˈɔːɹ_θ
daisy,d_ˈeɪ_z_i
dust,d_ˈʌ_s_t
daffy,d_ˈæ_f_i
whisper,w_ˈɪ_s_p_ɚ
funny,f_ˈʌ_n_i
disappoint,d_ˌɪ_s_ɐ_p_ˈɔɪ_n_t
lowly,l_ˈoʊ_l_i
poppleton,p_ˈɑː_p_əl_t_ə_n
butch,b_ˈʊ_tʃ
kettle,k_ˈɛ_ɾ_əl
winter,w_ˈɪ_n_t_ɚ
bash,b_ˈæ_ʃ
mow,m_ˈoʊ
lawn,l_ˈɔː_n
anyway,ˈɛ_n_ɪ_w_ˌeɪ
joanne,dʒ_oʊ_ˈæ_n
stitch,s_t_ˈɪ_tʃ
inn,ˈɪ_n
pliers,p_l_ˈaɪɚ_z
allibunny,ˈæ_l_ɪ_b_ˌʌ_n_i
lump,l_ˈʌ_m_p
sniff,s_n_ˈɪ_f
library,l_ˈaɪ_b_ɹ_ɛ_ɹ_i
gray,ɡ_ɹ_ˈeɪ
hudson,h_ˈʌ_d_s_ə_n
lumberjack,l_ˈʌ_m_b_ɚ_dʒ_ˌæ_k
traffic,t_ɹ_ˈæ_f_ɪ_k
lumber,l_ˈʌ_m_b_ɚ
howl,h_ˈaʊ_l
travel,t_ɹ_ˈæ_v_əl
billy,b_ˈɪ_l_i
blast,b_l_ˈæ_s_t
sawmill,s_ˈɔː_m_ɪ_l
building,b_ˈɪ_l_d_ɪ_ŋ
grandpa,ɡ_ɹ_ˈæ_n_d_p_ɑː
lamp,l_ˈæ_m_p
join,dʒ_ˈɔɪ_n
bury,b_ˈɛ_ɹ_i
phoebe,f_ˈiː_b_iː
peep,p_ˈiː_p
suelo,s_ˈuː_ə_l_ˌoʊ
arthur,ˈɑːɹ_θ_ɚ
skyscraper,s_k_ˈaɪ_s_k_ɹ_eɪ_p_ɚ
wail,w_ˈeɪ_l
cob,k_ˈɑː_b
buzzah,b_ˈʌ_z_ə
zap,z_ˈæ_p
hospital,h_ˈɑː_s_p_ɪ_ɾ_əl
crumble,k_ɹ_ˈʌ_m_b_əl
dangle,d_ˈæ_ŋ_ɡ_əl
hamster,h_ˈæ_m_s_t_ɚ
zugly,z_ˈʌ_ɡ_l_i
kirby,k_ˈɜː_b_i
soup,s_ˈuː_p
spring,s_p_ɹ_ˈɪ_ŋ
trolley,t_ɹ_ˈɑː_l_i
boppie,b_ˈɑː_p_i
pistachio,p_ɪ_s_t_ˈæ_ʃ_ɪ__ˌoʊ
overlook,ˌoʊ_v_ɚ_l_ˈʊ_k
helmet,h_ˈɛ_l_m_ɪ_t
area,ˈɛ_ɹ_iə
difference,d_ˈɪ_f_ɹ_ə_n_s
dive,d_ˈaɪ_v
wink,w_ˈɪ_ŋ_k
baggage,b_ˈæ_ɡ_ɪ_dʒ
handle,h_ˈæ_n_d_əl
short,ʃ_ˈɔːɹ_t
pry,p_ɹ_ˈaɪ
aid,ˈeɪ_d
ruf,ɹ_ˈʌ_f
sick,s_ˈɪ_k
collapse,k_ə_l_ˈæ_p_s
idia,ˈɪ_d_i__ə
eva,ˈiː_v_ə
ink,ˈɪ_ŋ_k
somewhere,s_ˈʌ_m_w_ɛɹ
student,s_t_ˈuː_d_ə_n_t
neat,n_ˈiː_t
submarine,s_ˈʌ_b_m_ɚ_ɹ_ˌiː_n
wander,w_ˈɑː_n_d_ɚ
suck,s_ˈʌ_k
lisa,l_ˈiː_s_ə
emergency,ɪ_m_ˈɜː_dʒ_ə_n_s_i
washington,w_ˈɑː_ʃ_ɪ_ŋ_t_ə_n
rhode,ɹ_ˈoʊ_d
state,s_t_ˈeɪ_t
film,f_ˈɪ_l_m
periscope,p_ˈɛ_ɹ_ɪ_s_k_ˌoʊ_p
answer,ˈæ_n_s_ɚ
sink,s_ˈɪ_ŋ_k
scribble,s_k_ɹ_ˈɪ_b_əl
tube,t_ˈuː_b
baboon,b_æ_b_ˈuː_n
joe,dʒ_ˈoʊ
knox,n_ˈɑː_k_s
floppy,f_l_ˈɑː_p_i
piper,p_ˈaɪ_p_ɚ
peck,p_ˈɛ_k
titch,t_ˈɪ_tʃ
bloom,b_l_ˈuː_m
closure,k_l_ˈoʊ_ʒ_ɚ
patch,p_ˈæ_tʃ
crow,k_ɹ_ˈoʊ
blah,b_l_ˈɑː
mudge,m_ˈʌ_dʒ
mini,m_ˈɪ_n_i
maxi,m_ˈæ_k_s_i
trace,t_ɹ_ˈeɪ_s
petal,p_ˈɛ_ɾ_əl
web,w_ˈɛ_b
hem,h_ˈɛ_m
tummy,t_ˈʌ_m_i
gulp,ɡ_ˈʌ_l_p
flop,f_l_ˈɑː_p
leap,l_ˈiː_p
huckle,h_ˈʌ_k_əl
catalog,k_ˈæ_ɾ_ɐ_l_ˌɑː_ɡ
scrap,s_k_ɹ_ˈæ_p
lala,l_ˈɑː_l_ə
nah,n_ˈɑː
legged,l_ˈɛ_ɡ_ɪ_d
recycle,ɹ_ɪ_s_ˈaɪ_k_əl
stinky,s_t_ˈɪ_ŋ_k_i
gilbert,ɡ_ˈɪ_l_b_ɚ_t
terrance,t_ˈɛ_ɹ_ə_n_s
teach,t_ˈiː_tʃ
ollie,ˈɑː_l_i_
owen,ˈoʊ_ə_n
grr,dʒ_ˌiː__ˌɑː_ɹ_ˈɑːɹ
separate,s_ˈɛ_p__ɹ_ə_t
trample,t_ɹ_ˈæ_m_p_əl
wasp,w_ˈɑː_s_p
chalk,tʃ_ˈɔː_k
bih,b_ˈɪ
dee,d_ˈiː
dih,d_ˈɪ
dihb,d_ˈɪ_h_b
di,d_i
lynx,l_ˈɪ_ŋ_k_s
mule,m_j_ˈuː_l
bleh,b_l_ˈɛ_h
whee,w_ˈiː
cube,k_j_ˈuː_b
humpty,h_ˈʌ_m_p_t_i
wella,w_ˈɛ_l_ɚ
ronnie,ɹ_ˈɑː_n_i_
alec,ˈæ_l_ɪ_k
gaby,ɡ_ˈeɪ_b_i
poop,p_ˈuː_p
yogurt,j_ˈoʊ_ɡ_ɚ_t
jill,dʒ_ˈɪ_l
steve,s_t_ˈiː_v
tamar,t_ˈæ_m_ɚ
jane,dʒ_ˈeɪ_n
rafi,ɹ_ˈæ_f_i
stamp,s_t_ˈæ_m_p
straw,s_t_ɹ_ˈɔː
roo,ɹ_ˈuː
nuh,n_ˈʌ
hooray,h_ˈoː_ɹ_eɪ
stool,s_t_ˈuː_l
matt,m_ˈæ_t
master,m_ˈæ_s_t_ɚ
visa,v_ˈiː_z_ə
discover,d_ɪ_s_k_ˈʌ_v_ɚ
mall,m_ˈɔː_l
hucklecat,h_ˈʌ_k_l_ɪ_k_ˌæ_t
sally,s_ˈæ_l_i_
oy,ˈɔɪ
sully,s_ˈʌ_l_i
gaudy,ɡ_ˈɔː_d_i
ceiling,s_ˈiː_l_ɪ_ŋ
become,b_ɪ_k_ˌʌ_m
harmonica,h_ɑːɹ_m_ˈɑː_n_ɪ_k_ə
david,d_ˈeɪ_v_ɪ_d
tutu,t_ˈuː_ɾ_uː
golman,ɡ_ˈɑː_l_m_ə_n
doughnut,d_ˈoʊ_n_ʌ_t
parade,p_ɚ_ɹ_ˈeɪ_d
goldbug,ɡ_ˈoʊ_l_d_b_ʌ_ɡ
camel,k_ˈæ_m_əl
pineapple,p_ˈaɪ_n_æ_p_əl
sharp,ʃ_ˈɑːɹ_p
piggie,p_ˈɪ_ɡ_i
smokey,s_m_ˈoʊ_k_i
bread,b_ɹ_ˈɛ_d
skirt,s_k_ˈɜː_t
donkey,d_ˈɑː_ŋ_k_i
torrance,t_ˈɔː_ɹ_ə_n_s
peacock,p_ˈiː_k_ɑː_k
virginia,v_ɜː_dʒ_ˈɪ_n_iə
miffy,m_ˈɪ_f_i
krusty,k_ɹ_ˈʌ_s_t_i_
aboom,ɐ_b_ˈuː_m
tight,t_ˈaɪ_t
barrette,b_æ_ɹ_ˈɛ_t
brow,b_ɹ_ˈaʊ
teat,t_ˈiː_t
lollie,l_ˈɑː_l_i
panacka,p_ˈæ_n_æ_k_ə
dede,d_ˈiː_d
gabby,ɡ_ˈæ_b_i
yikes,j_ˈaɪ_k_s
ahem,ə_h_ˈə_m
swiper,s_w_ˈaɪ_p_ɚ
swipe,s_w_ˈaɪ_p
danny,d_ˈæ_n_i
shamu,ʃ_ˈɑː_m_uː
map,m_ˈæ_p
slice,s_l_ˈaɪ_s
teko,t_ˈiː_k_oʊ
frederick,f_ɹ_ˈɛ_d_ɪ_ɹ_ˌɪ_k
cassie,k_ˈæ_s_i
diapie,d_ˈaɪ_ə_p_ˌaɪ
sled,s_l_ˈɛ_d
mug,m_ˈʌ_ɡ
rhino,ɹ_ˈaɪ_n_oʊ
hippopotamus,h_ˈɪ_p_ə_p_ˌɑː_ɾ_æ_m_ə_s
dime,d_ˈaɪ_m
stephanie,s_t_ˈɛ_f_ə_n_i
buffalo,b_ˈʌ_f_ə_l_ˌoʊ
bugaboo,b_j_ˈuː_ɡ_ɐ_b_ˌuː
scratch,s_k_ɹ_ˈæ_tʃ
croissant,k_w_ˈɑː_s_ɑ̃
wombat,w_ˈɑː_m_b_æ_t
fan,f_ˈæ_n
steelers,s_t_ˈiː_l_ɚ_z
curl,k_ˈɜː_l
pail,p_ˈeɪ_l
stem,s_t_ˈɛ_m
spine,s_p_ˈaɪ_n
vest,v_ˈɛ_s_t
skull,s_k_ˈʌ_l
especial,ɪ_s_p_ˈɛ_ʃ_əl
ballerina,b_ˌæ_l_ɚ_ɹ_ˈiː_n_ə
wig,w_ˈɪ_ɡ
fowl,f_ˈaʊ_l
squeesh,s_k_w_ˈiː_ʃ
dentist,d_ˈɛ_n_t_ɪ_s_t
nuts,n_ˈʌ_t_s
wheat,w_ˈiː_t
guest,ɡ_ˈɛ_s_t
mississippi,m_ˌɪ_s_ɪ_s_ˈɪ_p_i_
alabama,ˌæ_l_ə_b_ˈæ_m_ə
florida,f_l_ˈɔː_ɹ_ɪ_d_ə
georgia,dʒ_ˈɔːɹ_dʒ_ə
flamingo,f_l_ɛ_m_ˈɪ_ŋ_ɡ_oʊ
maine,m_ˈeɪ_n
hampshire,h_ˈæ_m_p_ʃ_ɚ
scallop,s_k_ˈæ_l_ə_p
parrot,p_ˈæ_ɹ_ə_t
boots,b_ˈuː_t_s
schmutz,ʃ_m_ˈʌ_t_s
texas,t_ˈɛ_k_s_ə_s
nevada,n_ɪ_v_ˈæ_d_ə
oregon,ˈɔː_ɹ_ɪ_ɡ_ə_n
gosh,ɡ_ˈɑː_ʃ
wrist,ɹ_ˈɪ_s_t
canada,k_ˈæ_n_ə_d_ə
flute,f_l_ˈuː_t
list,l_ˈɪ_s_t
harp,h_ˈɑːɹ_p
polly,p_ˈɑː_l_i
pockets,p_ˈɑː_k_ɪ_t_s
gloria,ɡ_l_ˈoː_ɹ_i__ə
bust,b_ˈʌ_s_t
hawaii,h_ə_w_ˈaɪ_iː_
edamame,ˈɛ_d_ɐ_m_ˌeɪ_m
nancy,n_ˈæ_n_s_i
grampa,ɡ_ɹ_ˈæ_m_p_ə
suit,s_ˈuː_t
buddha,b_ˈuː_d_ə
fredrick,f_ɹ_ˈɛ_d_ɹ_ɪ_k
norman,n_ˈoːɹ_m_ə_n
shame,ʃ_ˈeɪ_m
tiko,t_ˈiː_k_oʊ
lost,l_ˈɔ_s_t
pay,p_ˈeɪ
lulu,l_ˈuː_l_uː
nope,n_ˈoʊ_p
pete,p_ˈiː_t
scarf,s_k_ˈɑːɹ_f
poly,p_ˈɑː_l_i_
oly,ˈɑː_l_i
giggle,ɡ_ˈɪ_ɡ_əl
statue,s_t_ˈæ_tʃ_uː
instrument,ˈɪ_n_s_t_ɹ_ə_m_ə_n_t
ariel,ˈæ_ɹ_iː__əl
poppy,p_ˈɑː_p_i
wise,w_ˈaɪ_z
mooky,m_ˈʊ_k_i
rug,ɹ_ˈʌ_ɡ
toilet,t_ˈɔɪ_l_ə_t
gramma,ɡ_ɹ_ˈæ_m_ə
utah,j_ˈuː_t_ɔ
jasmine,dʒ_ˈæ_z_m_ɪ_n
ballet,b_æ_l_ˈeɪ
sleeping,s_l_ˈiː_p_ɪ_ŋ
beauty,b_j_ˈuː_ɾ_i_
emu,ˈiː_m_j_uː
idaho,ˈaɪ_d_ɐ_h_ˌoʊ
belle,b_ˈɛ_l
cranberry,k_ɹ_ˈæ_n_b_ɛ_ɹ_i
vermont,v_ɜː_m_ˈɑː_n_t
sponge,s_p_ˈʌ_n_dʒ
paddington,p_ˈæ_d_ɪ_ŋ_t_ə_n
cinderella,s_ˌɪ_n_d_ɪ_ɹ_ˈɛ_l_ə
louisiana,l_uː_ˌiː_z_iː__ˈæ_n_ə
mazy,m_ˈeɪ_z_i_
oklahoma,ˌoʊ_k_l_ɐ_h_ˈoʊ_m_ə
livid,l_ˈɪ_v_ɪ_d
jake,dʒ_ˈeɪ_k
west,w_ˈɛ_s_t
mackerel,m_ˈæ_k_ɚ_ɹ_əl
starbucks,s_t_ˈɑːɹ_b_ʌ_k_s
boink,b_ˈɔɪ_ŋ_k
california,k_ˌæ_l_ɪ_f_ˈoːɹ_n_iə
seagull,s_ˈiː_ɡ_ʌ_l
eagle,ˈiː_ɡ_əl
weaggle,w_ˈiː_ɡ_əl
found,f_ˈaʊ_n_d
rescue,ɹ_ˈɛ_s_k_j_uː
lake,l_ˈeɪ_k
michigan,m_ˈɪ_ʃ_ɪ_ɡ_ə_n
yoink,j_ˈɔɪ_ŋ_k
bert,b_ˈɜː_t
whuh,w_ˈʌ
blimp,b_l_ˈɪ_m_p
horton,h_ˈɔːɹ_t_ə_n
belt,b_ˈɛ_l_t
kassey,k_ˈæ_s_i
marge,m_ˈɑːɹ_dʒ
grub,ɡ_ɹ_ˈʌ_b
passey,p_ˈæ_s_i
ziphius,z_ˈɪ_f_ɪ__ə_s
wanta,w_ˈɑː_n_t_ə
xylophone,z_ˈaɪ_l_ə_f_ˌoʊ_n
walrus,w_ˈɑː_l_ɹ_ə_s
pole,p_ˈoʊ_l
wisconsin,w_ɪ_s_k_ˈɑː_n_s_ɪ_n
bati,b_ˈæ_ɾ_i
golem,ɡ_ˈoʊ_l_ə_m
exercise,ˈɛ_k_s_ɚ_s_ˌaɪ_z
diane,d_aɪ_ˈæ_n
magnificent,m_æ_ɡ_n_ˈɪ_f_ɪ_s_ə_n_t
immense,ɪ_m_ˈɛ_n_s
parachute,p_ˈæ_ɹ_ə_ʃ_ˌuː_t
grover,ɡ_ɹ_ˈoʊ_v_ɚ
nun,n_ˈʌ_n
jungle,dʒ_ˈʌ_ŋ_ɡ_əl
moby,m_ˈoʊ_b_i
mermaid,m_ˈɜː_m_eɪ_d
tale,t_ˈeɪ_l
gadiga,ɡ_ˈæ_d_ɪ_ɡ_ə
sara,s_ˈɑːɹ_ɹ_ə
ana,ˈɑː_n_ə
benny,b_ˈɛ_n_i
wacky,w_ˈæ_k_i
prudence,p_ɹ_ˈuː_d_ə_n_s
dixie,d_ˈɪ_k_s_i
chicks,tʃ_ˈɪ_k_s
stereo,s_t_ˈɛ_ɹ_ɪ__ˌoʊ
pearl,p_ˈɜː_l
junk,dʒ_ˈʌ_ŋ_k
massachusetts,m_ˌæ_s_ɐ_tʃ_ˈuː_s_ɪ_t_s
hanukkah,h_ˈæ_n_ʌ_k_ə
thy,ð_ˌaɪ
pollys,p_ˈɑː_l_i_z
issa,ˈɪ_s_ə
celeste,s_ə_l_ˈɛ_s_t
cushion,k_ˈʊ_ʃ_ə_n
belles,b_ˈɛ_l_z
pony,p_ˈoʊ_n_i
cinderellas,s_ˌɪ_n_d_ɪ_ɹ_ˈɛ_l_ə_z
armadillo,ˌɑːɹ_m_ɐ_d_ˈɪ_l_oʊ
fur,f_ˈɜː
cassey,k_ˈeɪ_s_i
plus,p_l_ˈʌ_s
zzzzz,z_ˌiː_z_ˌiː_z_ˈiː_z_ˌiː_z_ˈiː
gabi,ɡ_ˈæ_b_aɪ
ronny,ɹ_ˈɑː_n_i
debby,d_ˈɛ_b_i
leana,l_ˈiː_n_ə
cent,s_ˈɛ_n_t
iron,ˈaɪɚ_n
panettone,p_ˈæ_n_ɪ_ʔ_ˌn̩
woman,w_ˈʊ_m_ə_n
recyclable,ɹ_ɪ_s_ˈaɪ_k_əl_ə_b_əl
jug,dʒ_ˈʌ_ɡ
seaside,s_ˈiː_s_aɪ_d
rom,ɹ_ˈɑː_m
persy,p_ˈɜː_s_i
dizzy,d_ˈɪ_z_i
glub,ɡ_l_ˈʌ_b
whine,w_ˈaɪ_n
saddle,s_ˈæ_d_əl
nook,n_ˈʊ_k
jasmin,dʒ_ˈæ_z_m_ɪ_n
adios,æ_ð_j_ˈoː_s
abre,ɐ_b_ɹ_ˈɛ
raggedy,ɹ_ˈæ_ɡ_ə_d_i_
ann,ˈæ_n
beluga,b_ɪ_l_ˈuː_ɡ_ə
izza,ˈɪ_z_ɚ
raffi,ɹ_ˈæ_f_i
cell,s_ˈɛ_l
gentleman,dʒ_ˈɛ_n_t_əl_m_ə_n
penny,p_ˈɛ_n_i
richard,ɹ_ˈɪ_tʃ_ɚ_d
gouda,ɡ_ˈaʊ_d_ə
globe,ɡ_l_ˈoʊ_b
harry,h_ˈæ_ɹ_i
raccoon,ɹ_æ_k_ˈuː_n
marshmallow,m_ˈɑːɹ_ʃ_m_ɐ_l_ˌoʊ
deal,d_ˈiː_l
jessica,dʒ_ˈɛ_s_ɪ_k_ə
motor,m_ˈoʊ_ɾ_ɚ
wyoming,w_aɪ_ˈoʊ_m_ɪ_ŋ
beige,b_ˈeɪ_ʒ
hazel,h_ˈeɪ_z_əl
kill,k_ˈɪ_l
lottie,l_ˈɑː_ɾ_i
brr,b_ˌiː__ˌɑː_ɹ_ˈɑːɹ
nemo,n_ˈiː_m_oʊ
stuffy,s_t_ˈʌ_f_i
went,w_ɛ_n_t
tricycle,t_ɹ_ˈaɪ_s_ɪ_k_əl
such,s_ˈʌ_tʃ
marble,m_ˈɑːɹ_b_əl
num,n_ˈʌ_m
hah,h_ˈɑː
daddyah,d_ˈæ_d_ɪ__ə
bop,b_ˈɑː_p
ching,tʃ_ˈɪ_ŋ
loll,l_ˈɑː_l
pajamas,p_ɐ_dʒ_ˈɑː_m_ə_z
ping,p_ˈɪ_ŋ
melody,m_ˈɛ_l_ə_d_i
candied,k_ˈæ_n_d_ɪ_d
chestnut,tʃ_ˈɛ_s_t_n_ʌ_t
weather,w_ˈɛ_ð_ɚ
vane,v_ˈeɪ_n
cheer,tʃ_ˈɪɹ
brave,b_ɹ_ˈeɪ_v
tonk,t_ˈɑː_ŋ_k
serious,s_ˈiə_ɹ_ɪ__ə_s
danielle,d_ˌæ_n_ɪ__ˈɛ_l
straighten,s_t_ɹ_ˈeɪ_t_ə_n
fantasy,f_ˈæ_n_t_ə_s_i
wolf,w_ˈʊ_l_f
wilson,w_ˈɪ_l_s_ə_n
chester,tʃ_ˈɛ_s_t_ɚ
martha,m_ˈɑːɹ_θ_ə
indiana,ˌɪ_n_d_iː__ˈæ_n_ə
julius,dʒ_ˈuː_l_ɪ__ə_s
babe,b_ˈeɪ_b
colorado,k_ˌɑː_l_ɚ_ɹ_ˈɑː_d_oʊ
lime,l_ˈaɪ_m
mamma,m_ˈæ_m_ə
cantaloupe,k_ˈæ_n_t_ə_l_ˌoʊ_p
pennsylvania,p_ˌɛ_n_s_ɪ_l_v_ˈeɪ_n_iə
pa,p_ˈɑː
tennessee,t_ˌɛ_n_ə_s_ˈiː
kentucky,k_ɛ_n_t_ˈʌ_k_i
cave,k_ˈeɪ_v
vik,v_ˈɪ_k
isabelle,ˈɪ_s_eɪ_b_əl
iowa,ˈaɪ_ə_w_ə
lilac,l_ˈaɪ_l_ə_k
dos,d_ˈɑː_s
tres,t_ɹ_ˈɛ_z
cuatro,k_j_uː_ˈæ_t_ɹ_oʊ
cinco,s_ˈɪ_n_k_oʊ
seis,s_ˈeɪ_z
siete,s_ˈaɪə_t
ocho,ˈɑː_tʃ_oʊ
nueve,n_ˈuː_v
doce,d_ˈoʊ_s
kansas,k_ˈæ_n_z_ə_s
victor,v_ˈɪ_k_t_ɚ
squamps,s_k_w_ˈɑː_m_p_s
scrumptious,s_k_ɹ_ˈʌ_m_p_ʃ_ə_s
philip,f_ˈɪ_l_ɪ_p
arizona,ˌæ_ɹ_ɪ_z_ˈoʊ_n_ə
crib,k_ɹ_ˈɪ_b
barley,b_ˈɑːɹ_l_i
telescope,t_ˈɛ_l_ɪ_s_k_ˌoʊ_p
steak,s_t_ˈeɪ_k
bathe,b_ˈeɪ_ð
pathway,p_ˈæ_θ_w_eɪ
asparagus,ɐ_s_p_ˈæ_ɹ_ə_ɡ_ə_s
turban,t_ˈɜː_b_ə_n
flounder,f_l_ˈaʊ_n_d_ɚ
charley,tʃ_ˈɑːɹ_l_i
massachussetts,m_ˈæ_s_ɐ_tʃ_ˌʌ_s_ɪ_t_s
tallulah,t_ˈæ_l_j_uː_l_ə
eddie,ˈɛ_d_i
gaspar,ɡ_ˈæ_s_p_ɑːɹ
koosh,k_ˈuː_ʃ
remote,ɹ_ɪ_m_ˈoʊ_t
less,l_ˈɛ_s
celebrate,s_ˈɛ_l_ə_b_ɹ_ˌeɪ_t
gazpacho,ɡ_æ_z_p_ˈæ_tʃ_oʊ
grand,ɡ_ɹ_ˈæ_n_d
steven,s_t_ˈiː_v_ə_n
bottie,b_ˈɑː_ɾ_i
bra,b_ɹ_ˈɑː
throat,θ_ɹ_ˈoʊ_t
bawk,b_ˈɔː_k
grandma,ɡ_ɹ_ˈæ_n_d_m_ɑː
barbara,b_ˈɑːɹ_b_ɚ_ɹ_ə
vagina,v_ə_dʒ_ˈaɪ_n_ə
knight,n_ˈaɪ_t
havarti,h_ˈæ_v_ɑːɹ_ɾ_i
bandaid,b_ˈæ_n_d_eɪ_d
final,f_ˈaɪ_n_əl
dunk,d_ˈʌ_ŋ_k
ago,ɐ_ɡ_ˈoʊ
corned,k_ˈɔːɹ_n_d
beef,b_ˈiː_f
bank,b_ˈæ_ŋ_k
franklin,f_ɹ_ˈæ_ŋ_k_l_ɪ_n
frill,f_ɹ_ˈɪ_l
scream,s_k_ɹ_ˈiː_m
hubbard,h_ˈʌ_b_ɚ_d
aunty,ˈæ_n_t_i
twist,t_w_ˈɪ_s_t
thorn,θ_ˈɔːɹ_n
bunting,b_ˈʌ_n_t_ɪ_ŋ
spend,s_p_ˈɛ_n_d
bo,b_ˈoʊ
wicked,w_ˈɪ_k_ᵻ_d
robin,ɹ_ˈɑː_b_ɪ_n
hood,h_ˈʊ_d
hentagon,h_ˈɛ_n_t_ə_ɡ_ˌɑː_n
hexagon,h_ˈɛ_k_s_ə_ɡ_ˌɑː_n
gymboree,dʒ_ˈɪ_m_b_oː_ɹ_ˌiː
yawn,j_ˈɔː_n
med,m_ˈɛ_d
siree,s_ˈaɪɚ_ɹ_iː
maam,m_ˈɑː_m
bicki,b_ˈɪ_k_i
peanut,p_ˈiː_n_ʌ_t
unless,ʌ_n_l_ˈɛ_s
dough,d_ˈoʊ
mustard,m_ˈʌ_s_t_ɚ_d
triton,t_ɹ_ˈaɪ_t_ə_n
cobweb,k_ˈɑː_b_w_ɛ_b
prince,p_ɹ_ˈɪ_n_s
eric,ˈɛ_ɹ_ɪ_k
phew,f_j_ˈuː
whatever,w_ʌ_t_ˈɛ_v_ɚ
neato,n_ˈiː_ɾ_oʊ
afraid,ɐ_f_ɹ_ˈeɪ_d
backpack,b_ˈæ_k_p_æ_k
lesson,l_ˈɛ_s_ə_n
voice,v_ˈɔɪ_s
ursula,ˈɜː_s_j_ʊ_l_ə
aquarium,ɐ_k_w_ˈɛ_ɹ_iə_m
gummy,ɡ_ˈʌ_m_i
stingray,s_t_ˈɪ_ŋ_ɡ_ɹ_eɪ
fold,f_ˈoʊ_l_d
heehee,h_ˈiː_h_iː
poopsie,p_ˈuː_p_s_i
storm,s_t_ˈoːɹ_m
wand,w_ˈɑː_n_d
vanessa,v_ɐ_n_ˈɛ_s_ə
eclipse,ɪ_k_l_ˈɪ_p_s
being,b_ˌiː__ɪ_ŋ
power,p_ˈaʊ_ɚ_ɹ
adventure,ɐ_d_v_ˈɛ_n_tʃ_ɚ
rockery,ɹ_ˈɑː_k_ɚ_ɹ_i
daughter,d_ˈɔː_ɾ_ɚ_ɹ
isa,ˈɪ_s_ə
genuine,dʒ_ˈɛ_n_j_uː_ᵻ_n
pyrosaurus,p_ˌaɪ_ɹ_oʊ_s_ˈɔː_ɹ_ə_s
plastic,p_l_ˈæ_s_t_ɪ_k
namekasaurus,n_ˌeɪ_m_k_ɐ_s_ˈɔː_ɹ_ə_s
hummus,h_ˈʌ_m_ə_s
velociraptor,v_ə_l_ˈɑː_s_ɚ_ɹ_ˌæ_p_t_ɚ
rick,ɹ_ˈɪ_k
beast,b_ˈiː_s_t
teletable,t_ˈɛ_l_ɪ_ɾ_ə_b_əl
charles,tʃ_ˈɑːɹ_l_z
lumiere,l_ˌuː_m_i__ˈɛɹ
wine,w_ˈaɪ_n
tortoise,t_ˈɔːɹ_ɾ_ə_s
poll,p_ˈoʊ_l
ware,w_ˈɛɹ
howie,h_ˈaʊ_i
salad,s_ˈæ_l_ə_d
cymbal,s_ˈɪ_m_b_əl
forehead,f_ˈɔːɹ_h_ɛ_d
spiberus,s_p_ˈaɪ_b_ɹ_ə_s
oswald,ˈɑː_s_w_əl_d
ketchup,k_ˈɛ_tʃ_ʌ_p
sour,s_ˈaɪʊɹ
nectar,n_ˈɛ_k_t_ɚ
sweet,s_w_ˈiː_t
theirs,ð_ˈɛɹ_z
others,ˈʌ_ð_ɚ_z
cape,k_ˈeɪ_p
goblin,ɡ_ˈɑː_b_l_ɪ_n
path,p_ˈæ_θ
flick,f_l_ˈɪ_k
feta,f_ˈiː_ɾ_ə
theater,θ_ˈiə_ɾ_ɚ
posey,p_ˈoʊ_s_i
driveway,d_ɹ_ˈaɪ_v_w_eɪ
graham,ɡ_ɹ_ˈeɪ_ə_m
bubbles,b_ˈʌ_b_əl_z
pansy,p_ˈæ_n_z_i
troll,t_ɹ_ˈoʊ_l
mystery,m_ˈɪ_s_t_ɚ_ɹ_i
diana,d_aɪ_ˈæ_n_ə
creature,k_ɹ_ˈiː_tʃ_ɚ
loop,l_ˈuː_p
frankenstein,f_ɹ_ˈæ_ŋ_k_ə_n_s_t_ˌaɪ_n
emily,ˈɛ_m_ɪ_l_i
tico,t_ˈiː_k_oʊ
mummy,m_ˈʌ_m_i
charlie,tʃ_ˈɑːɹ_l_i
flunk,f_l_ˈʌ_ŋ_k
gil,ɡ_ˈɪ_l
badger,b_ˈæ_dʒ_ɚ_ɹ
anemone,ɐ_n_ˈɛ_m_ə_n_i
bloat,b_l_ˈoʊ_t
shucks,ʃ_ˈʌ_k_s
toward,t_ʊ_w_ˈɔːɹ_d
val,v_ˈæ_l
spook,s_p_ˈuː_k
scuba,s_k_ˈuː_b_ə
jacques,ʒ_ˈæ_k
sparkle,s_p_ˈɑːɹ_k_əl
newt,n_ˈuː_t
sydney,s_ˈɪ_d_n_i
did,d_ˈɪ_d
deb,d_ˈɛ_b
sculpture,s_k_ˈʌ_l_p_tʃ_ɚ
tulip,t_j_ˈuː_l_ɪ_p
jacque,dʒ_ˈæ_k
shrimp,ʃ_ɹ_ˈɪ_m_p
nibble,n_ˈɪ_b_əl
yucko,j_ˈuː_k_oʊ
breathe,b_ɹ_ˈiː_ð
kernel,k_ˈɜː_n_əl
solar,s_ˈoʊ_l_ɚ
system,s_ˈɪ_s_t_ə_m
pocahontas,p_ˈɑː_k_ɐ_h_ˌɑː_n_t_ə_z
season,s_ˈiː_z_ə_n
palm,p_ˈɑː_m
wildebeest,w_ˈaɪ_l_d_ɪ_b_ˌiː_s_t
moth,m_ˈɑː_θ
okie,ˈoʊ_k_i
fanokie,f_æ_n_ˈoʊ_k_i_
adda,ˈæ_d_ə
luke,l_ˈuː_k
poster,p_ˈoʊ_s_t_ɚ
hundred,h_ˈʌ_n_d_ɹ_ə_d
purplish,p_ˈɜː_p_l_ɪ_ʃ
wah,w_ˈɑː
hike,h_ˈaɪ_k
flik,f_l_ˈɪ_k
goggle,ɡ_ˈɑː_ɡ_əl
buenos,b_w_ˈeɪ_n_ɑː_s
dias,d_ˈaɪ_ə_z
impress,ɪ_m_p_ɹ_ˈɛ_s
horned,h_ˈɔːɹ_n_d
denver,d_ˈɛ_n_v_ɚ
percent,p_ɚ_s_ˈɛ_n_t
soon,s_ˈuː_n
sig,s_ˈɪ_ɡ
dragonfly,d_ɹ_ˈæ_ɡ_ə_n_f_l_ˌaɪ
tailor,t_ˈeɪ_l_ɚ
chain,tʃ_ˈeɪ_n
seahorse,s_ˈiː_h_ɔːɹ_s
bruce,b_ɹ_ˈuː_s
france,f_ɹ_ˈæ_n_s
squirt,s_k_w_ˈɜː_t
matthew,m_ˈæ_θ_j_uː
toding,t_ˈoʊ_d_ɪ_ŋ
heat,h_ˈiː_t
evan,ˈɛ_v_ə_n
dopey,d_ˈoʊ_p_i_
anchor,ˈæ_n_k_ɚ
mane,m_ˈeɪ_n
pluto,p_l_ˈuː_ɾ_oʊ
coon,k_ˈuː_n
seasick,s_ˈiː_s_ɪ_k
dory,d_ˈoː_ɹ_i
fin,f_ˈɪ_n
hunt,h_ˈʌ_n_t
susan,s_ˈuː_z_ə_n
eyed,ˈaɪ_d
spillage,s_p_ˈɪ_l_ɪ_dʒ
oyster,ˈɔɪ_s_t_ɚ
hammock,h_ˈæ_m_ə_k
photograph,f_ˈoʊ_ɾ_ə_ɡ_ɹ_ˌæ_f
terrific,t_ɚ_ɹ_ˈɪ_f_ɪ_k
trail,t_ɹ_ˈeɪ_l
slime,s_l_ˈaɪ_m
north,n_ˈɔːɹ_θ
uranus,j_ˈʊ_ɹ_æ_n_ə_s
eiffel,ˈaɪ_f_əl
carolina,k_ˌæ_ɹ_ə_l_ˈaɪ_n_ɚ
wren,ɹ_ˈɛ_n
yet,j_ˈɛ_t
aladdin,ɐ_l_ˈæ_d_ɪ_n
laze,l_ˈeɪ_z
neighbor,n_ˈeɪ_b_ɚ
jeez,dʒ_ˈiː_z
curtain,k_ˈɜː_t_ə_n
sweat,s_w_ˈɛ_t
freckle,f_ɹ_ˈɛ_k_əl
summer,s_ˈʌ_m_ɚ
smart,s_m_ˈɑːɹ_t
mercury,m_ˈɜː_k_j_ʊ_ɹ_i
yippee,j_ˈɪ_p_iː
venus,v_ˈiː_n_ə_s
frumble,f_ɹ_ˈʌ_m_b_əl
coco,k_ˈoʊ_k_oʊ
rhinoceros,ɹ_aɪ_n_ˈɑː_s_ɚ_ɹ_ə_s
lemonade,l_ˌɛ_m_ə_n_ˈeɪ_d
matty,m_ˈæ_ɾ_i
surf,s_ˈɜː_f
susans,s_ˈuː_z_ə_n_z
spray,s_p_ɹ_ˈeɪ
firework,f_ˈaɪɚ_w_ɜː_k
boaty,b_ˈoʊ_ɾ_i
poohbie,p_ˈuː_h_b_i
bloaty,b_l_ˈoʊ_ɾ_i
feed,f_ˈiː_d
flesh,f_l_ˈɛ_ʃ
celery,s_ˈɛ_l_ɚ_ɹ_i
cauliflower,k_ˈɑː_l_ɪ_f_l_ˌaʊ_ɚ_ɹ
exact,ɛ_ɡ_z_ˈæ_k_t
prickle,p_ɹ_ˈɪ_k_əl
ole,ˈoʊ_l
tidden,t_ˈɪ_d_ə_n
cousin,k_ˈʌ_z_ə_n
frank,f_ɹ_ˈæ_ŋ_k
sojourner,s_ˈoʊ_dʒ_ɜː_n_ɚ
clipsy,k_l_ˈɪ_p_s_i
clumsy,k_l_ˈʌ_m_z_i
ferris,f_ˈɛ_ɹ_ɪ_s
hers,h_ɜː_z
east,ˈiː_s_t
putty,p_ˈʌ_ɾ_i
nickel,n_ˈɪ_k_əl
thanksgiving,θ_ˈæ_ŋ_k_s_ɡ_ɪ_v_ɪ_ŋ
roast,ɹ_ˈoʊ_s_t
gubby,ɡ_ˈʌ_b_i
quill,k_w_ˈɪ_l
liberty,l_ˈɪ_b_ɚ_ɾ_i
kit,k_ˈɪ_t
sheet,ʃ_ˈiː_t
woggy,w_ˈɑː_ɡ_i
neptune,n_ˈɛ_p_t_uː_n
cotty,k_ˈɑː_ɾ_i
poohby,p_ˈuː_h_b_i
laughy,l_ˈæ_f_i
splashy,s_p_l_ˈæ_ʃ_i
fishy,f_ˈɪ_ʃ_i
heel,h_ˈiː_l
doop,d_ˈuː_p
princessed,p_ɹ_ˈɪ_n_s_ɛ_s_t
pock,p_ˈɑː_k
seem,s_ˈiː_m
deedee,d_ˈiː_d_iː
golly,ɡ_ˈɑː_l_i
gock,ɡ_ˈɑː_k
unicorn,j_ˈuː_n_ɪ_k_ˌɔːɹ_n
hafta,h_ˈæ_f_t_ə
haphat,h_ˈæ_f_æ_t
center,s_ˈɛ_n_t_ɚ
counter,k_ˈaʊ_n_t_ɚ_ɹ
awesome,ˈɔː_s_ʌ_m
slippy,s_l_ˈɪ_p_i_
engo,ɛ_n_ɡ_ˈoʊ
rumi,ɹ_ˈuː_m_i
loft,l_ˈɔ_f_t
cost,k_ˈɔ_s_t
pleasure,p_l_ˈɛ_ʒ_ɚ
split,s_p_l_ˈɪ_t
fresh,f_ɹ_ˈɛ_ʃ
liana,l_ˈaɪ_ə_n_ə
furry,f_ˈɜː_ɹ_i
warm,w_ˈɔːɹ_m
towards,t_ʊ_w_ˈɔːɹ_d_z
insist,ɪ_n_s_ˈɪ_s_t
splot,s_p_l_ˈɑː_t
vulture,v_ˈʌ_l_tʃ_ɚ
mary,m_ˈɛ_ɹ_i
kadoo,k_ˈæ_d_uː
enjoy,ɛ_n_dʒ_ˈɔɪ
mist,m_ˈɪ_s_t
terrible,t_ˈɛ_ɹ_ə_b_əl
grumble,ɡ_ɹ_ˈʌ_m_b_əl
franko,f_ɹ_ˈæ_n_k_oʊ
delicioso,d_ɪ_l_ˌɪ_s_ɪ__ˈoʊ_s_oʊ
fever,f_ˈiː_v_ɚ
wahoo,w_ˈæ_h_uː
mandrill,m_ˈæ_n_d_ɹ_ɪ_l
yah,j_ˈɑː
trumpet,t_ɹ_ˈʌ_m_p_ɪ_t
scar,s_k_ˈɑːɹ
sometime,s_ˈʌ_m_t_aɪ_m
ourselves,aɪʊɹ_s_ˈɛ_l_v_z
anew,ɐ_n_ˈuː
monsters,m_ˈɑː_n_s_t_ɚ_z
inc,ˈɪ_ŋ_k
bass,b_ˈeɪ_s
stonk,s_t_ˈɑː_ŋ_k
hilda,h_ˈɪ_l_d_ə
weird,w_ˈɪɹ_d
besides,b_ɪ_s_ˌaɪ_d_z
defecate,d_ɪ_f_ˈɛ_k_eɪ_t
chest,tʃ_ˈɛ_s_t
rafiki,ɹ_ˈæ_f_ɪ_k_i
slug,s_l_ˈʌ_ɡ
triceritops,t_ɹ_ˈaɪ_s_ɚ_ɹ_ˌɪ_ɾ_ɑː_p_s
fantastic,f_æ_n_t_ˈæ_s_t_ɪ_k
herself,h_ɜː_s_ˈɛ_l_f
contest,k_ˈɑː_n_t_ɛ_s_t
visit,v_ˈɪ_z_ɪ_t
oatmeal,ˈoʊ_t_m_iə_l
marvin,m_ˈɑːɹ_v_ɪ_n
meek,m_ˈiː_k
adoodoo,ɐ_d_ˈuː_d_uː
holly,h_ˈɑː_l_i
central,s_ˈɛ_n_t_ɹ_əl
granola,ɡ_ɹ_æ_n_ˈoʊ_l_ə
eve,ˈiː_v
tweezers,t_w_ˈiː_z_ɚ_z
merry,m_ˈɛ_ɹ_i
hurray,h_ɚ_ɹ_ˈeɪ
resist,ɹ_ɪ_s_ˈɪ_s_t
almond,ˈɑː_l_m_ə_n_d
footprint,f_ˈʊ_t_p_ɹ_ɪ_n_t
blonde,b_l_ˈɑː_n_d
frosting,f_ɹ_ˈɔ_s_t_ɪ_ŋ
diez,d_ˈiː_z
ooze,ˈuː_z
don,d_ˈɑː_n
aha,ɑː_h_ˈɑː
simpsons,s_ˈɪ_m_p_s_ə_n_z
homer,h_ˈoʊ_m_ɚ
gerbil,dʒ_ˈɜː_b_ɪ_l
fixture,f_ˈɪ_k_s_tʃ_ɚ
mucus,m_j_ˈuː_k_ə_s
bart,b_ˈɑːɹ_t
maggie,m_ˈæ_ɡ_i
mango,m_ˈæ_ŋ_ɡ_oʊ
havingly,h_ˈeɪ_v_ɪ_ŋ_l_i
believe,b_ɪ_l_ˈiː_v
hasta,h_ˈeɪ_s_t_ə
manana,m_æ_n_ˈɑː_n_ə
smoosh,s_m_ˈuː_ʃ
puzzio,p_ˈʌ_z_ɪ__ˌoʊ
valentine,v_ˈæ_l_ə_n_t_ˌaɪ_n
fruitit,f_ɹ_ˈuː_ɾ_ɪ_t
cardit,k_ˈɑːɹ_d_ɪ_t
cupcakes,k_ˈʌ_p_k_eɪ_k_s
jerry,dʒ_ˈɛ_ɹ_i
burrito,b_ɜː_ɹ_ˈiː_ɾ_oʊ
crootst,k_ɹ_ˈuː_t_s_t
goblet,ɡ_ˈɑː_b_l_ə_t
baduper,b_ˈæ_dʒ_uː_p_ɚ_ɹ
ammozio,æ_m_ˈoʊ_z_ɪ__ˌoʊ
mammoth,m_ˈæ_m_ə_θ
zuper,z_j_ˈuː_p_ɚ
dupe,d_ˈuː_p
kenden,k_ˈɛ_n_d_ə_n
lilys,l_ˈɪ_l_i_z
calamari,k_ˈæ_l_ɐ_m_ɚ_ɹ_i
simple,s_ˈɪ_m_p_əl
claw,k_l_ˈɔː
staircase,s_t_ˈɛɹ_k_eɪ_s
thermos,θ_ˈɜː_m_ə_s
eel,ˈiː_l
iguanodon,ˈɪ_ɡ_j_uː_ˌæ_n_ɑː_d_ə_n
barracuda,b_ˌæ_ɹ_ɐ_k_j_ˈuː_d_ə
ankylosaurus,ˌæ_ŋ_k_ɪ_l_ə_s_ˈɔː_ɹ_ə_s
scuttle,s_k_ˈʌ_ɾ_əl
sebastian,s_ə_b_ˈæ_s_tʃ_ə_n
otter,ˈɑː_ɾ_ɚ
pez,p_ˈɛ_z
chipmunk,tʃ_ˈɪ_p_m_ʌ_ŋ_k
bully,b_ˈʊ_l_i
dumb,d_ˈʌ_m
cliff,k_l_ˈɪ_f
melt,m_ˈɛ_l_t
thornberries,θ_ˈoːɹ_n_b_ɛ_ɹ_ɪ_z
curit,k_j_ˈʊ_ɹ_ɪ_t
mussel,m_ˈʌ_s_əl
buddah,b_ˈʌ_d_ə
sauce,s_ˈɔː_s
large,l_ˈɑːɹ_dʒ
petrie,p_ˈɛ_t_ɹ_i
pterodactyl,t_ˈɛ_ɹ_ə_d_ˌæ_k_t_aɪ_l
cookbook,k_ˈʊ_k_b_ʊ_k
yucksville,j_ˈʌ_k_z_v_ɪ_l
diasaraptor,d_ˈaɪ_ə_s_ˌæ_ɹ_æ_p_t_ɚ
sloth,s_l_ˈɑː_θ
sarah,s_ˈɛ_ɹ_ə
giant,dʒ_ˈaɪ_ə_n_t
batter,b_ˈæ_ɾ_ɚ
snort,s_n_ˈɔːɹ_t
squishies,s_k_w_ˈɪ_ʃ_ɪ_z
mort,m_ˈɔːɹ_t
celerator,s_ˈɛ_l_ɚ_ɹ_ˌeɪ_ɾ_ɚ
garnet,ɡ_ˈɑːɹ_n_ɪ_t
domino,d_ˈɑː_m_ɪ_n_ˌoʊ
rather,ɹ_ˈæ_ð_ɚ_ɹ
actual,ˈæ_k_tʃ_uː_əl
parasaurolophus,p_ˈæ_ɹ_ə_s_ˌɔː_ɹ_ə_l_ˌɑː_f_ə_s
splag,s_p_l_ˈæ_ɡ
deuce,d_j_ˈuː_s
splay,s_p_l_ˈeɪ
club,k_l_ˈʌ_b
ducky,d_ˈʌ_k_i
squid,s_k_w_ˈɪ_d
elasmosaurus,ɪ_l_ˌæ_z_m_ə_s_ˈɔː_ɹ_ə_s
package,p_ˈæ_k_ɪ_dʒ
probable,p_ɹ_ˈɑː_b_ə_b_əl
funshine,f_ˈʌ_n_ʃ_aɪ_n
forest,f_ˈɔː_ɹ_ɪ_s_t
ridiculous,ɹ_ɪ_d_ˈɪ_k_j_ʊ_l_ə_s
nightmare,n_ˈaɪ_t_m_ɛɹ
tenderheart,t_ˈɛ_n_d_ɚ_h_ˌɑːɹ_t
sassy,s_ˈæ_s_i
bedtime,b_ˈɛ_d_t_aɪ_m
thunder,θ_ˈʌ_n_d_ɚ
gallop,ɡ_ˈæ_l_ə_p
miracle,m_ˈɪ_ɹ_ə_k_əl
whoever,h_uː_ˈɛ_v_ɚ
difficult,d_ˈɪ_f_ɪ_k_əl_t
stethoscope,s_t_ˈɛ_θ_ə_s_k_ˌoʊ_p
rubadub,ɹ_ˈuː_b_ɐ_d_ˌʌ_b
pachycephalosaurus,p_ˌæ_tʃ_aɪ_s_f_ˌæ_l_ə_s_ˈɔː_ɹ_ə_s
aboard,ɐ_b_ˈoːɹ_d
gotcha,ɡ_ˈɑː_tʃ_ə
natural,n_ˈæ_tʃ_ɚ_ɹ_əl
history,h_ˈɪ_s_t_ɚ_ɹ_i
sneezy,s_n_ˈiː_z_i_
embarrass,ɛ_m_b_ˈæ_ɹ_ə_s
mammal,m_ˈæ_m_əl
chuckie,tʃ_ˈʌ_k_i
peeyou,p_ˈiː_j_uː
skeleton,s_k_ˈɛ_l_ᵻ_t_ə_n
age,ˈeɪ_dʒ
spinosaurus,s_p_ˌɪ_n_ə_s_ˈɔː_ɹ_ə_s
quarter,k_w_ˈɔːɹ_ɾ_ɚ
wolk,w_ˈɑː_l_k
snuffy,s_n_ˈʌ_f_i
saber,s_ˈeɪ_b_ɚ
pepperoni,p_ˌɛ_p_ɚ_ɹ_ˈoʊ_n_i
brontotherium,b_ɹ_ˌɑː_n_t_ə_ð_ˈiə_ɹ_ɪ__ə_m
hibiscus,h_ˈɪ_b_ɪ_s_k_ə_s
styracosaurus,s_t_ˌaɪ_ɹ_ɐ_k_ə_s_ˈɔː_ɹ_ə_s
enchante,ɛ_n_tʃ_ˈæ_n_t
lipper,l_ˈɪ_p_ɚ
mastodon,m_ˈæ_s_t_ə_d_ˌɑː_n
carnotaur,k_ˈɑːɹ_n_oʊ_t_ˌɔːɹ
pipper,p_ˈɪ_p_ɚ
breath,b_ɹ_ˈɛ_θ
during,d_ˈʊ_ɹ_ɪ_ŋ
alone,ɐ_l_ˈoʊ_n
rise,ɹ_ˈaɪ_z
ours,ˈaɪʊɹ_z
rex,ɹ_ˈɛ_k_s
news,n_ˈuː_z
egads,ˈɛ_ɡ_æ_d_z
hok,h_ˈɑː_k
tattoo,t_æ_t_ˈuː
infection,ɪ_n_f_ˈɛ_k_ʃ_ə_n
dessert,d_ɪ_z_ˈɜː_t
ick,ˈaɪ_k
thorahockis,θ_ˈoː_ɹ_ɐ_h_ˌɑː_k_i_z
chuga,tʃ_ˈuː_ɡ_ə
machrauchenia,m_ˌæ_k_ɹ_ə_tʃ_ˈiː_n_iə
bandage,b_ˈæ_n_d_ɪ_dʒ
regular,ɹ_ˈɛ_ɡ_j_uː_l_ɚ
neither,n_ˈiː_ð_ɚ
pheasant,f_ˈɛ_z_ə_n_t
braid,b_ɹ_ˈeɪ_d
itty,ˌɪ_ɾ_i
sting,s_t_ˈɪ_ŋ
crust,k_ɹ_ˈʌ_s_t
bears,b_ˈɛɹ_z
ian,ˈiː__ə_n
fairy,f_ˈɛ_ɹ_i
swifts,s_w_ˈɪ_f_t_s
borrow,b_ˈɔː_ɹ_oʊ
follow,f_ˈɑː_l_oʊ
tapir,t_ˈæ_p_ɪɹ
palace,p_ˈæ_l_ɪ_s
stable,s_t_ˈeɪ_b_əl
speckle,s_p_ˈɛ_k_əl
gnu,ɡ_ə_n_ˈuː
antler,ˈæ_n_t_l_ɚ
nina,n_ˈiː_n_ə
floridas,f_l_ˈɔː_ɹ_ɪ_d_ə_z
oof,ˈuː_f
peg,p_ˈɛ_ɡ
malificent,m_æ_l_ˈɪ_f_ɪ_s_ə_n_t
fluoride,f_l_ˈʊ_ɹ_aɪ_d
boar,b_ˈoːɹ
de,d_ə
da,d_ˈɑː
jinx,dʒ_ˈɪ_ŋ_k_s
duckling,d_ˈʌ_k_l_ɪ_ŋ
calculator,k_ˈæ_l_k_j_ʊ_l_ˌeɪ_ɾ_ɚ
skushy,s_k_ˈʌ_ʃ_i
fifth,f_ˈɪ_f_θ
nana,n_ˈɑː_n_ə
baba,b_ˈɑː_b_ə
dew,d_ˈuː
shout,ʃ_ˈaʊ_t
alador,ɐ_l_ˈæ_d_oːɹ
yoddy,j_ˈɑː_d_i
snuffle,s_n_ˈʌ_f_əl
weathervane,w_ˈɛ_ð_ɚ_v_ˌeɪ_n
muscle,m_ˈʌ_s_əl
weigh,w_ˈeɪ
thousand,θ_ˈaʊ_z_ə_n_d
ms,ˌɛ_m_ˈɛ_s
stilly,s_t_ˈɪ_l_i
stewie,s_t_ˈuː_i
polo,p_ˈoʊ_l_oʊ
daylight,d_ˈeɪ_l_aɪ_t
portrait,p_ˈoːɹ_t_ɹ_ᵻ_t
collection,k_ə_l_ˈɛ_k_ʃ_ə_n
invite,ɪ_n_v_ˈaɪ_t
rapunzel,ɹ_ˈæ_p_ʌ_n_z_əl
barbie,b_ˈɑːɹ_b_i
reptile,ɹ_ˈɛ_p_t_aɪ_l
outfit,ˈaʊ_t_f_ɪ_t
tinkerbell,t_ˈɪ_ŋ_k_ɚ_b_ˌɛ_l
slither,s_l_ˈɪ_ð_ɚ
wallet,w_ˈɑː_l_ɪ_t
human,h_j_ˈuː_m_ə_n
panther,p_ˈæ_n_θ_ɚ
gorgeous,ɡ_ˈoːɹ_dʒ_ə_s
militee,m_ˈɪ_l_aɪ_t_ˌiː
dingle,d_ˈɪ_ŋ_ɡ_əl
hopper,h_ˈɑː_p_ɚ
flow,f_l_ˈoʊ
babaji,b_ˈæ_b_æ_dʒ_i
swollen,s_w_ˈoʊ_l_ə_n
protect,p_ɹ_ə_t_ˈɛ_k_t
nai,n_ˈaɪ
na,n_ˈɑː
shelly,ʃ_ˈɛ_l_i
betty,b_ˈɛ_ɾ_i
terry,t_ˈɛ_ɹ_i
ticklish,t_ˈɪ_k_l_ɪ_ʃ
petri,p_ˈɛ_t_ɹ_i
guacamole,ɡ_w_ˌɑː_k_ɐ_m_ˈoʊ_l_iː
plow,p_l_ˈaʊ
tuck,t_ˈʌ_k
yee,j_ˈiː
avocado,ˌæ_v_ə_k_ˈɑː_d_oʊ
germ,dʒ_ˈɜː_m
shy,ʃ_ˈaɪ
except,ɛ_k_s_ˈɛ_p_t
single,s_ˈɪ_ŋ_ɡ_əl
gracious,ɡ_ɹ_ˈeɪ_ʃ_ə_s
nick,n_ˈɪ_k
junior,dʒ_ˈuː_n_j_ɚ
stripey,s_t_ɹ_ˈaɪ_p_i
nickelodeon,n_ˌɪ_k_ɪ_l_ˈoʊ_d_ɪ__ə_n
cuddle,k_ˈʌ_d_əl
hurricane,h_ˈɜː_ɹ_ə_k_ˌeɪ_n
fragile,f_ɹ_ˈæ_dʒ_əl
anyone,ˈɛ_n_ɪ_w_ˌʌ_n
pitcher,p_ˈɪ_tʃ_ɚ
shot,ʃ_ˈɑː_t
ferocious,f_ə_ɹ_ˈoʊ_ʃ_ə_s
prance,p_ɹ_ˈæ_n_s
perhaps,p_ɚ_h_ˈæ_p_s
chikada,tʃ_ɪ_k_ˈɑː_d_ə
lord,l_ˈɔːɹ_d
anatasaurus,ˌæ_n_ɐ_ɾ_ɐ_s_ˈɔː_ɹ_ə_s
humongous,h_j_uː_m_ˈɑː_ŋ_ɡ_ə_s
enormous,ɪ_n_ˈoːɹ_m_ə_s
gaspard,ɡ_ˈæ_s_p_ɚ_d
gigantic,dʒ_aɪ_ɡ_ˈæ_n_t_ɪ_k
boyfriend,b_ˈɔɪ_f_ɹ_ɛ_n_d
forty,f_ˈɔːɹ_ɾ_i
young,j_ˈʌ_ŋ
lid,l_ˈɪ_d
creep,k_ɹ_ˈiː_p
oatios,ˈoʊ_ɾ_ɪ__ˌoʊ_z
american,ɐ_m_ˈɛ_ɹ_ɪ_k_ə_n
brioche,b_ɹ_iː__ˈoʊ_ʃ
soggy,s_ˈɑː_ɡ_i
kamut,k_ˈæ_m_ʌ_t
naima,n_ˈeɪ_m_ə
senor,s_ˈɛ_n_ɚ
missile,m_ˈɪ_s_əl
alrightie,ɔː_l_ɹ_ˈaɪ_ɾ_i
tad,t_ˈæ_d
guinea,ɡ_ˈɪ_n_i
sandy,s_ˈæ_n_d_i_
alice,ˈæ_l_ɪ_s
class,k_l_ˈæ_s
angus,ˈæ_ŋ_ɡ_ə_s
maa,m_ˈɑː
ending,ˈɛ_n_d_ɪ_ŋ
hyper,h_ˈaɪ_p_ɚ
kah,k_ˈɑː
esmerelda,ˈɛ_s_m_ɚ_ɹ_ˌɛ_l_d_ə
grumpy,ɡ_ɹ_ˈʌ_m_p_i
hog,h_ˈɑː_ɡ
hermit,h_ˈɜː_m_ɪ_t
birthday,b_ˈɜː_θ_d_eɪ
duty,d_ˈuː_ɾ_i
parent,p_ˈɛ_ɹ_ə_n_t
marry,m_ˈæ_ɹ_i
dionne,d_ɪ__ˈɑː_n
bitter,b_ˈɪ_ɾ_ɚ
hullabaloo,h_ˈʌ_l_ɐ_b_ˌæ_l_uː
stray,s_t_ɹ_ˈeɪ
gob,ɡ_ˈɑː_b
maxie,m_ˈæ_k_s_i
thursday,θ_ˈɜː_z_d_eɪ
tofu,t_ˈoʊ_f_uː
ay,ˈaɪ
ee,ˈiː
dollar,d_ˈɑː_l_ɚ
sparrow,s_p_ˈæ_ɹ_oʊ
ditter,d_ˈɪ_ɾ_ɚ
datter,d_ˈæ_ɾ_ɚ
dutter,d_ˈʌ_ɾ_ɚ
sneak,s_n_ˈiː_k
begin,b_ɪ_ɡ_ˈɪ_n
meal,m_ˈiː_l
sleepy,s_l_ˈiː_p_i
rattle,ɹ_ˈæ_ɾ_əl
afternoon,ˌæ_f_t_ɚ_n_ˈuː_n
kully,k_ˈʌ_l_i
wheezy,w_ˈiː_z_i
deep,d_ˈiː_p
phooey,f_ˈuː_i
target,t_ˈɑːɹ_ɡ_ɪ_t
fooey,f_ˈuː_i
diddy,d_ˈɪ_d_i
yaddy,j_ˈæ_d_i_
athlete,ˈæ_θ_l_iː_t
genaba,dʒ_ɛ_n_ˈɑː_b_ə
billie,b_ˈɪ_l_i
willie,w_ˈɪ_l_i
gillie,ɡ_ˈɪ_l_i
goody,ɡ_ˈʊ_d_i
jenny,dʒ_ˈɛ_n_i
badega,b_ˈeɪ_d_ɡ_ə
cutie,k_j_ˈuː_ɾ_i_
alan,ˈæ_l_ə_n
sadiksha,s_ˈæ_d_ɪ_k_ʃ_ə
noone,n_ˈoʊ_w_ʌ_n
croak,k_ɹ_ˈoʊ_k
dadaji,d_ˈæ_d_æ_dʒ_i
leopard,l_ˈɛ_p_ɚ_d
asha,ɐ_ʃ_ˈæ
snuggle,s_n_ˈʌ_ɡ_əl
clunk,k_l_ˈʌ_ŋ_k
llama,l_ˈɑː_m_ə
fiend,f_ˈiː_n_d
hup,h_ˈʌ_p
dup,d_ˈuː_p
bup,b_ˈʌ_p
francis,f_ɹ_ˈæ_n_s_ɪ_s
tyler,t_ˈaɪ_l_ɚ
patty,p_ˈæ_ɾ_i
sling,s_l_ˈɪ_ŋ
yiddy,j_ˈɪ_d_i
doink,d_ˈɔɪ_ŋ_k
hooku,h_ˈʊ_k_uː
laundry,l_ˈɔː_n_d_ɹ_i_
igloo,ˈɪ_ɡ_l_uː
kinana,k_ɪ_n_ˈɑː_n_ə
clunkamunk,k_l_ˈʌ_ŋ_k_ɐ_m_ˌʌ_ŋ_k
sushi,s_ˈuː_ʃ_i
sieve,s_ˈɪ_v
jiggle,dʒ_ˈɪ_ɡ_əl
doggie,d_ˈɑː_ɡ_i
woggie,w_ˈɑː_ɡ_i
cabin,k_ˈæ_b_ɪ_n
lucy,l_ˈuː_s_i
bucy,b_ˈʌ_s_i
pteranodon,t_ˈɛ_ɹ_ɐ_n_ˌɑː_d_ə_n
rooney,ɹ_ˈuː_n_i
doggy,d_ˈɑː_ɡ_i_
abide,ɐ_b_ˈaɪ_d
canadian,k_ɐ_n_ˈeɪ_d_iə_n
pipo,p_ˈiː_p_oʊ
responsibility,ɹ_ɪ_s_p_ˌɑː_n_s_ə_b_ˈɪ_l_ɪ_ɾ_i
clunkamunka,k_l_ˈʌ_ŋ_k_ɐ_m_ˌʌ_ŋ_k_ɚ
restaurant,ɹ_ˈɛ_s_t_ɹ_ɑː_n_t
aqua,ˈæ_k_w_ə
mollusk,m_ˈɑː_l_ʌ_s_k
odd,ˈɑː_d
caetano,k_iː_t_ˈɑː_n_oʊ
clog,k_l_ˈɑː_ɡ
lally,l_ˈæ_l_i
mommily,m_ˈɑː_m_ɪ_l_i
rag,ɹ_ˈæ_ɡ
musketeer,m_ˌʌ_s_k_ɪ_t_ˈɪ_ɹ
outdoors,aʊ_t_d_ˈoːɹ_z
kerplunk,k_ˈɜː_p_l_ʌ_ŋ_k
tahoe,t_ˈɑː_h_oʊ
bracelet,b_ɹ_ˈeɪ_s_l_ə_t
ling,l_ˈɪ_ŋ
calm,k_ˈɑː_m
greet,ɡ_ɹ_ˈiː_t
bangle,b_ˈæ_ŋ_ɡ_əl
oat,ˈoʊ_t
dowy,d_ˈaʊ_i
yeddy,j_ˈɛ_d_i
pasta,p_ˈɑː_s_t_ə
clunkimunk,k_l_ˈʌ_ŋ_k_ɪ_m_ˌʌ_ŋ_k
doddy,d_ˈɑː_d_i
basha,b_ˈæ_ʃ_ə
sort,s_ˈɔːɹ_t
oatio,ˈoʊ_ɾ_ɪ__ˌoʊ
grind,ɡ_ɹ_ˈaɪ_n_d
combination,k_ˌɑː_m_b_ᵻ_n_ˈeɪ_ʃ_ə_n
devasion,d_ˈɛ_v_ə_s_ˌiə_n
jeremiah,dʒ_ˌɛ_ɹ_ə_m_ˈaɪə
tentagon,t_ˈɛ_n_t_ə_ɡ_ˌɑː_n
cosmos,k_ˈɑː_z_m_oʊ_s
elastic,ɪ_l_ˈæ_s_t_ɪ_k
tortilla,t_ɔːɹ_t_ˈiː__ɐ
shimmy,ʃ_ˈɪ_m_i
total,t_ˈoʊ_ɾ_əl
segment,s_ˈɛ_ɡ_m_ə_n_t
brachiosaurus,b_ɹ_ˌæ_k_ɪ__ə_s_ˈɔː_ɹ_ə_s
spidersaurus,s_p_ˌaɪ_d_ɚ_s_ˈɔː_ɹ_ə_s
liza,l_ˈiː_z_ə
grace,ɡ_ɹ_ˈeɪ_s
bobby,b_ˈɑː_b_i
waggle,w_ˈæ_ɡ_əl
dadigi,d_ˈæ_d_ɪ_ɡ_i
bog,b_ˈɑː_ɡ
cottage,k_ˈɑː_ɾ_ɪ_dʒ
larkin,l_ˈɑːɹ_k_ɪ_n
kale,k_ˈeɪ_l
pacify,p_ˈæ_s_ɪ_f_ˌaɪ
gracie,ɡ_ɹ_ˈeɪ_s_i
pit,p_ˈɪ_t
patter,p_ˈæ_ɾ_ɚ
wriggle,ɹ_ˈɪ_ɡ_əl
morocca,m_ˈɔː_ɹ_ɑː_k_ə
zoop,z_ˈuː_p
wild,w_ˈaɪ_l_d
yolk,j_ˈoʊ_k
yankee,j_ˈæ_ŋ_k_iː
nelly,n_ˈɛ_l_i
date,d_ˈeɪ_t
sail,s_ˈeɪ_l
skip,s_k_ˈɪ_p
bamboo,b_æ_m_b_ˈuː
calf,k_ˈæ_f
kim,k_ˈɪ_m
laura,l_ˈɔː_ɹ_ə
soy,s_ˈɔɪ
deet,d_ˈiː_t
drain,d_ɹ_ˈeɪ_n
grabby,ɡ_ɹ_ˈæ_b_i
business,b_ˈɪ_z_n_ə_s
slippery,s_l_ˈɪ_p_ɚ_ɹ_i
colt,k_ˈoʊ_l_t
hula,h_ˈuː_l_ə
newspaper,n_ˈuː_z_p_eɪ_p_ɚ
dion,d_ɪ__ˈɑː_n
carter,k_ˈɑːɹ_ɾ_ɚ
wilbur,w_ˈɪ_l_b_ɜː
kleenex,k_l_ˈiː_n_ɛ_k_s
office,ˈɑː_f_ɪ_s
garlic,ɡ_ˈɑːɹ_l_ɪ_k
knob,n_ˈɑː_b
christopher,k_ɹ_ˈɪ_s_t_ə_f_ɚ
suzanne,s_ˈuː_z_æ_n
group,ɡ_ɹ_ˈuː_p
kookaburra,k_ˈuː_k_ɐ_b_ˌɜː_ɹ_ə
goosey,ɡ_ˈuː_s_i
vacation,v_eɪ_k_ˈeɪ_ʃ_ə_n
radio,ɹ_ˈeɪ_d_ɪ__ˌoʊ
mosquito,m_ə_s_k_ˈiː_ɾ_oʊ
kanga,k_ˈæ_ŋ_ɡ_ə
legos,l_ˈɛ_ɡ_oʊ_z
lucille,l_ˈuː_s_ɪ_l
nobotics,n_ə_b_ˈɑː_ɾ_ɪ_k_s
chee,tʃ_ˈiː
gasha,ɡ_ˈæ_ʃ_ə
fuzzy,f_ˈʌ_z_i
wuzzy,w_ˈʌ_z_i
lee,l_ˈiː
return,ɹ_ɪ_t_ˈɜː_n
lotion,l_ˈoʊ_ʃ_ə_n
zoob,z_ˈuː_b
cafeteria,k_ˌæ_f_ɪ_t_ˈiə_ɹ_ɪ__ə
shuffle,ʃ_ˈʌ_f_əl
naim,n_ˈeɪ_m
chimpanzee,tʃ_ˌɪ_m_p_ɐ_n_z_ˈiː
mcduck,m_ə_k_d_ˈʌ_k
dankner,d_ˈæ_n_k_n_ɚ
burrow,b_ˈɜː_ɹ_oʊ
daddiji,d_ˈæ_d_ɪ_dʒ_i_
eliza,ɪ_l_ˈaɪ_z_ə
louise,l_uː_w_ˈiː_z
cod,k_ˈɑː_d
shakalaka,ʃ_ˌæ_k_ɐ_l_ˈɑː_k_ɚ
wrenchie,ɹ_ˈɛ_n_tʃ_i
yoga,j_ˈoʊ_ɡ_ə
godiva,ɡ_ˈɑː_d_ɪ_v_ə
digga,d_ˈɪ_ɡ_ə
vigor,v_ˈɪ_ɡ_ɚ
myrtle,m_ˈɜː_ɾ_əl
vim,v_ˈɪ_m
nicholas,n_ˈɪ_k_ə_l_ə_s
romeo,ɹ_ˈoʊ_m_ɪ__ˌoʊ
cub,k_ˈʌ_b
petunia,p_ə_t_ˈuː_n_iə
pajama,p_ɐ_dʒ_ˈɑː_m_ə
willo,w_ˈɪ_l_oʊ
dadidi,d_æ_d_ˈɪ_d_i
blank,b_l_ˈæ_ŋ_k
aloud,ɐ_l_ˈaʊ_d
dady,d_ˈeɪ_d_i
klick,k_l_ˈɪ_k
klack,k_l_ˈæ_k
mala,m_ˈɑː_l_ə
walla,w_ˈɑː_l_ə
indy,ˈɪ_n_d_i
windy,w_ˈɪ_n_d_i
bowen,b_ˈoʊ_ə_n
dowen,d_ˈaʊ_ə_n
punjabi,p_ʌ_n_dʒ_ˈɑː_b_i
nate,n_ˈeɪ_t
bate,b_ˈeɪ_t
biz,b_ˈɪ_z
valelly,v_ˈeɪ_l_əl_i
vawelly,v_ˈɔː_l_i
zawelly,z_ˈɔː_l_i
welly,w_ˈɛ_l_i
velly,v_ˈɛ_l_i
sawelly,s_ˈɔː_l_i
vagwelly,v_ˈæ_ɡ_w_əl_i
judy,dʒ_ˈuː_d_i
shorts,ʃ_ˈɔːɹ_t_s
salwar,s_ˈæ_l_w_ɔːɹ
kameez,k_ˈæ_m_iː_z
gillo,ɡ_ˈɪ_l_oʊ
toucan,t_ˈuː_k_ə_n
darrot,d_ˈæ_ɹ_ə_t
bran,b_ɹ_ˈæ_n
flake,f_l_ˈeɪ_k
talla,t_ˈæ_l_ə
dalla,d_ˈæ_l_ə
stump,s_t_ˈʌ_m_p
ashay,ɐ_ʃ_ˈeɪ
foam,f_ˈoʊ_m
bingo,b_ˈɪ_ŋ_ɡ_oʊ
lemur,l_ˈiː_m_ɚ
megan,m_ˈɛ_ɡ_ə_n
racoon,ɹ_æ_k_ˈuː_n
marsupial,m_ɑːɹ_s_ˈuː_p_ɪ__ə_l
isabella,ˌɪ_s_eɪ_b_ˈɛ_l_ə
babi,b_ˈæ_b_aɪ
morpho,m_ˈɔːɹ_f_oʊ
railing,ɹ_ˈeɪ_l_ɪ_ŋ
luna,l_ˈuː_n_ə
anne,ˈæ_n
barlow,b_ˈɑːɹ_l_oʊ
bady,b_ˈeɪ_d_i
minimum,m_ˈɪ_n_ɪ_m_ə_m
boomshakalaka,b_ˌuː_m_ʃ_ɐ_k_ɐ_l_ˈɑː_k_ə
cylinder,s_ˈɪ_l_ɪ_n_d_ɚ
spit,s_p_ˈɪ_t
jimmy,dʒ_ˈɪ_m_i
calendar,k_ˈæ_l_ə_n_d_ɚ
ying,j_ˈɪ_ŋ
porridge,p_ˈɔː_ɹ_ɪ_dʒ
ruby,ɹ_ˈuː_b_i
pengams,p_ˈɛ_ŋ_ɡ_æ_m_z
stare,s_t_ˈɛɹ
plumber,p_l_ˈʌ_m_ɚ
gadare,ɡ_ˈæ_d_ɛɹ
positive,p_ˈɑː_z_ɪ_t_ˌɪ_v
is,ɪ_z
bursie,b_ˈɜː_s_i
goldilocks,ɡ_ˈoʊ_l_d_ɪ_l_ˌɑː_k_s
claus,k_l_ˈaʊ_s
doody,d_ˈuː_d_i
lou,l_ˈuː
shiver,ʃ_ˈɪ_v_ɚ
case,k_ˈeɪ_s
loley,l_ˈoʊ_l_i
bulb,b_ˈʌ_l_b
amphibian,æ_m_f_ˈɪ_b_iə_n
librarian,l_aɪ_b_ɹ_ˈɛ_ɹ_iə_n
curley,k_ˈɜː_l_i
shirley,ʃ_ˈɜː_l_i
cadet,k_ɐ_d_ˈɛ_t
realize,ɹ_ˈiː__ə_l_aɪ_z
pond,p_ˈɑː_n_d
pommy,p_ˈɑː_m_i
dadiji,d_ˈæ_d_ɪ_dʒ_i
dommy,d_ˈɑː_m_i
mumba,m_ˈʌ_m_b_ə
curly,k_ˈɜː_l_i
doinkaboink,d_ˈɔɪ_ŋ_k_ɐ_b_ˌɔɪ_ŋ_k
australia,ɔː_s_t_ɹ_ˈeɪ_l_iə
ripe,ɹ_ˈaɪ_p
muzzle,m_ˈʌ_z_əl
goldibear,ɡ_ˈoʊ_l_d_aɪ_b_ˌɑːɹ
goldipocks,ɡ_ˈoʊ_l_d_ɪ_p_ˌɑː_k_s
mourn,m_ˈoːɹ_n
goldidocks,ɡ_ˈoʊ_l_d_ɪ_d_ˌɑː_k_s
amelia,ɐ_m_ˈiː_l_iə
bedelia,b_ɪ_d_ˈiː_l_iə
goldisocks,ɡ_ˈoʊ_l_d_ɪ_s_ˌɑː_k_s
goldiblocks,ɡ_ˈoʊ_l_d_ɪ_b_l_ˌɑː_k_s
winken,w_ˈɪ_ŋ_k_ə_n
blinken,b_l_ˈɪ_ŋ_k_ə_n
nod,n_ˈɑː_d
golditocks,ɡ_ˈoʊ_l_d_ɪ_t_ˌɑː_k_s
stock,s_t_ˈɑː_k
mill,m_ˈɪ_l
flour,f_l_ˈaɪʊɹ
fear,f_ˈɪɹ
trapecoid,t_ɹ_ˈeɪ_p_k_ɔɪ_d
trapemoid,t_ɹ_ˈeɪ_p_m_ɔɪ_d
trapepoid,t_ɹ_ˈeɪ_p_p_ɔɪ_d
trapetoid,t_ɹ_ˈæ_p_ɪ_t_ˌɔɪ_d
trappoid,t_ɹ_ˈæ_p_ɔɪ_d
trapeboid,t_ɹ_ˈeɪ_p_b_ɔɪ_d
trapeod,t_ɹ_ˈeɪ_p_ɑː_d
hanuman,h_ˈæ_n_uː_m_ə_n
sunset,s_ˈʌ_n_s_ɛ_t
somersault,s_ˈʌ_m_ə_s_ˌɑː_l_t
twig,t_w_ˈɪ_ɡ
waddle,w_ˈɑː_d_əl
foofy,f_ˈuː_f_i_
arnica,ˈɑːɹ_n_ɪ_k_ə
ark,ˈɑːɹ_k
am,æ_m
index,ˈɪ_n_d_ɛ_k_s
massage,m_ɐ_s_ˈɑː_ʒ
tibble,t_ˈɪ_b_əl
note,n_ˈoʊ_t
hum,h_ˈʌ_m
hope,h_ˈoʊ_p
berlioz,b_ˈɜː_l_ɪ__ˌɑː_z
cabbage,k_ˈæ_b_ɪ_dʒ
snug,s_n_ˈʌ_ɡ
breeze,b_ɹ_ˈiː_z
hannah,h_ˈæ_n_ə
gog,ɡ_ˈɑː_ɡ
vrap,v_ˈiː_ɹ_ˈæ_p
emma,ˈɛ_m_ə
sentence,s_ˈɛ_n_t_ə_n_s
eighteenth,ˈeɪ_t_iː_n_θ
moore,m_ˈʊɹ
gumga,ɡ_ˈʌ_m_ɡ_ə
bale,b_ˈeɪ_l
cotton,k_ˈɑː_ʔ_n̩
dove,d_ˈʌ_v
flicker,f_l_ˈɪ_k_ɚ
delight,d_ɪ_l_ˈaɪ_t
kiwi,k_ˈiː_w_iː
supper,s_ˈʌ_p_ɚ_ɹ
envelope,ˈɑː_n_v_ə_l_ˌoʊ_p
vampire,v_ˈæ_m_p_aɪɚ
knack,n_ˈæ_k
trombone,t_ɹ_ɑː_m_b_ˈoʊ_n
opossum,ə_p_ˈɑː_s_ə_m
manuminy,m_ˈæ_n_j_uː_m_ˌɪ_n_i
science,s_ˈaɪə_n_s
linda,l_ˈɪ_n_d_ə
gal,ɡ_ˈæ_l
vavuvuvi,v_ˈæ_v_j_uː_v_j_ˌuː_v_i
hero,h_ˈiə_ɹ_oʊ
hedgehog,h_ˈɛ_dʒ_h_ɑː_ɡ
duduniniz,d_ˈuː_dʒ_uː_n_ˌɪ_n_ɪ_z
emilene,ˈɛ_m_aɪ_l_ˌiː_n
toddle,t_ˈɑː_d_əl
charlotte,ʃ_ˈɑːɹ_l_ə_t
keen,k_ˈiː_n
hoagie,h_ˈoʊ_dʒ_i
rumble,ɹ_ˈʌ_m_b_əl
flash,f_l_ˈæ_ʃ
limpet,l_ˈɪ_m_p_ɪ_t
flight,f_l_ˈaɪ_t
grade,ɡ_ɹ_ˈeɪ_d
grizzly,ɡ_ɹ_ˈɪ_z_l_i
yoko,j_ˈoʊ_k_oʊ
ferry,f_ˈɛ_ɹ_i
johnny,dʒ_ˈɑː_n_i
macaque,m_ˈæ_k_æ_k
grateful,ɡ_ɹ_ˈeɪ_t_f_əl
lad,l_ˈæ_d
suzy,s_ˈuː_z_i
timothy,t_ˈɪ_m_ə_θ_i
locker,l_ˈɑː_k_ɚ
kate,k_ˈeɪ_t
koalaba,k_oʊ_l_ˈɑː_b_ə
bathios,b_ˈæ_θ_ɪ__ˌoʊ_z
thora,θ_ˈoː_ɹ_ə
luciwall,l_ˈuː_s_ɪ_w_ˌɔː_l
twins,t_w_ˈɪ_n_z
dallas,d_ˈæ_l_ə_s
slap,s_l_ˈæ_p
vase,v_ˈeɪ_s
tommy,t_ˈɑː_m_i
doris,d_ˈɔː_ɹ_ɪ_s
glenmae,ɡ_l_ˈɛ_n_m_iː
test,t_ˈɛ_s_t
geraldine,dʒ_ˈɛ_ɹ_əl_d_ˌiː_n
hyacinth,h_ˈaɪ_ɐ_s_ˌɪ_n_θ
dr,d_ˈɑː_k_t_ɚ
jeans,dʒ_ˈiː_n_z
litsila,l_ɪ_t_s_ˈɪ_l_ə
hoe,h_ˈoʊ
brenda,b_ɹ_ˈɛ_n_d_ə
tajumbuddy,t_ˈæ_dʒ_ə_m_b_ˌʌ_d_i
balm,b_ˈɑː_m
crumb,k_ɹ_ˈʌ_m
mistake,m_ɪ_s_t_ˈeɪ_k
brendan,b_ɹ_ˈɛ_n_d_ə_n
july,dʒ_uː_l_ˈaɪ
spotty,s_p_ˈɑː_ɾ_i
wad,w_ˈɑː_d
magnolia,m_æ_ɡ_n_ˈoʊ_l_iə
tajumbidi,t_ˌæ_dʒ_ə_m_b_ˈɪ_d_i
blossom,b_l_ˈɔ_s_ə_m
utility,j_uː_t_ˈɪ_l_ɪ_ɾ_i
pipe,p_ˈaɪ_p
upset,ʌ_p_s_ˈɛ_t
scooch,s_k_ˈuː_tʃ
jostle,dʒ_ˈɑː_s_əl
loly,l_ˈoʊ_l_i_
apricot,ˈeɪ_p_ɹ_ɪ_k_ˌɑː_t
overalls,ˌoʊ_v_ɚ_ɹ_ˈɔː_l_z
overall,ˌoʊ_v_ɚ_ɹ_ˈɔː_l
ad,ˈæ_d
sclot,s_k_l_ˈɑː_t
jag,dʒ_ˈæ_ɡ
grot,ɡ_ɹ_ˈɑː_t
orzo,ˈɔːɹ_z_oʊ
quat,k_w_ˈæ_t
leak,l_ˈiː_k
carriage,k_ˈæ_ɹ_ɪ_dʒ
gyot,dʒ_ˈaɪ__ɑː_t
lend,l_ˈɛ_n_d
dolce,d_ˈɑː_l_tʃ_eɪ
biscuit,b_ˈɪ_s_k_ɪ_t
sale,s_ˈeɪ_l
peak,p_ˈiː_k
lub,l_ˈʌ_b
ipanema,ˌɪ_p_ɐ_n_ˈiː_m_ə
co,k_ˈoʊ
op,ˈɑː_p
helda,h_ˈɛ_l_d_ə
maisey,m_ˈeɪ_z_i_
electricity,ɪ_l_ɛ_k_t_ɹ_ˈɪ_s_ɪ_ɾ_i
cash,k_ˈæ_ʃ
register,ɹ_ˈɛ_dʒ_ɪ_s_t_ɚ_ɹ
allen,ˈæ_l_ə_n
lalie,l_ˈæ_l_i
folder,f_ˈoʊ_l_d_ɚ
bledtime,b_l_ˈɛ_d_t_aɪ_m
blath,b_l_ˈæ_θ
portishead,p_ˈoːɹ_ɾ_ɪ_z_h_ˌɛ_d
roost,ɹ_ˈuː_s_t
faucet,f_ˈɔː_s_ɪ_t
barb,b_ˈɑːɹ_b
rid,ɹ_ˈɪ_d
dwid,d_w_ˈɪ_d
dwath,d_w_ˈæ_θ
mave,m_ˈeɪ_v
zid,z_ˈɪ_d
complete,k_ə_m_p_l_ˈiː_t
scrape,s_k_ɹ_ˈeɪ_p
gwid,ɡ_w_ˈɪ_d
gwath,ɡ_w_ˈæ_θ
philadelphia,f_ɪ_l_ɐ_d_ˈɛ_l_f_iə
duba,d_ˈuː_b_ə
gillow,ɡ_ˈɪ_l_oʊ
scale,s_k_ˈeɪ_l
fillow,f_ˈɪ_l_oʊ
goes,ɡ_ˈoʊ_z
giuba,dʒ_ɪ_j_ˈuː_b_ə
giu,dʒ_ˈɪ__uː
blidtime,b_l_ˈɪ_d_t_aɪ_m
meets,m_ˈiː_t_s
president,p_ɹ_ˈɛ_z_ɪ_d_ə_n_t
original,ɚ_ɹ_ˈɪ_dʒ_ɪ_n_əl
filter,f_ˈɪ_l_t_ɚ
nursie,n_ˈɜː_s_i_
against,ɐ_ɡ_ˈɛ_n_s_t
basey,b_ˈeɪ_s_i
fooba,f_ˈuː_b_ə
wooba,w_ˈuː_b_ə
posy,p_ˈoʊ_z_i
meadow,m_ˈɛ_d_oʊ
material,m_ə_t_ˈiə_ɹ_ɪ__əl
soaftie,s_ˈoʊ_f_t_i_
unsode,ʌ_n_s_ˈoʊ_d
arthurs,ˈɑːɹ_θ_ɚ_z
lighten,l_ˈaɪ_ʔ_n̩
escape,ɛ_s_k_ˈeɪ_p
sleeps,s_l_ˈiː_p_s
bicka,b_ˈɪ_k_ə
waldo,w_ˈɑː_l_d_oʊ
licka,l_ˈɪ_k_ə
lami,l_ˈɑː_m_i
griz,ɡ_ɹ_ˈɪ_z
drill,d_ɹ_ˈɪ_l
farmer,f_ˈɑːɹ_m_ɚ
clothing,k_l_ˈoʊ_ð_ɪ_ŋ
niki,n_ˈɪ_k_i
naddy,n_ˈæ_d_i
nika,n_ˈiː_k_ə
sergeant,s_ˈɑːɹ_dʒ_ə_n_t
murphy,m_ˈɜː_f_i
tika,t_ˈiː_k_ə
taddy,t_ˈæ_d_i
lolly,l_ˈɑː_l_i
waits,w_ˈeɪ_t_s
lucia,l_ˈuː_ʃ_ə
talulah,t_ˈæ_l_uː_l_ə
pranilla,p_ɹ_æ_n_ˈɪ_l_ə
grizz,ɡ_ɹ_ˈɪ_z
rascal,ɹ_ˈæ_s_k_əl
cupboard,k_ˈʌ_b_ə_d
zub,z_ˈʌ_b
cheddar,tʃ_ˈɛ_d_ɚ
runaway,ɹ_ˈʌ_n_ə_w_ˌeɪ
scramble,s_k_ɹ_ˈæ_m_b_əl
organic,ɔːɹ_ɡ_ˈæ_n_ɪ_k
dadda,d_ˈæ_d_ə
blackberry,b_l_ˈæ_k_b_ɛ_ɹ_i
ming,m_ˈɪ_ŋ
thayer,θ_ˈeɪ_ɚ
zeb,z_ˈɛ_b
soak,s_ˈoʊ_k
cancel,k_ˈæ_n_s_əl
nell,n_ˈɛ_l
walnut,w_ˈɑː_l_n_ʌ_t
zubs,z_ˈʌ_b_z
lab,l_ˈæ_b
poppa,p_ˈɑː_p_ə
albatross,ˈæ_l_b_ɐ_t_ɹ_ˌɔ_s
mallard,m_ˈæ_l_ɑːɹ_d
steal,s_t_ˈiː_l
yesterday,j_ˈɛ_s_t_ɚ_d_ˌeɪ
yoke,j_ˈoʊ_k
egret,ˈiː_ɡ_ɹ_ə_t
teal,t_ˈiː_l
papupper,p_ˈæ_p_ʌ_p_ɚ
flush,f_l_ˈʌ_ʃ
gull,ɡ_ˈʌ_l
gatada,ɡ_æ_t_ˈɑː_d_ə
gasala,ɡ_eɪ_z_ˈɑː_l_ə
persey,p_ˈɜː_s_i
looey,l_ˈuː_i
grumms,ɡ_ɹ_ˈʌ_m_z
rosemary,ɹ_ˈoʊ_z_m_ɚ_ɹ_i
wells,w_ˈɛ_l_z
walkie,w_ˈɔː_k_i
spinach,s_p_ˈɪ_n_ɪ_tʃ
weasel,w_ˈiː_z_əl
mulberry,m_ˈʌ_l_b_ɛ_ɹ_i
stale,s_t_ˈeɪ_l
zenaida,z_ɛ_n_ˈeɪ_d_ə
waste,w_ˈeɪ_s_t
apron,ˈeɪ_p_ɹ_ə_n
nummy,n_ˈʌ_m_i
coriander,k_ˌɔː_ɹ_ɪ__ˈæ_n_d_ɚ
rawring,ɹ_ˈaɪʊ_ɹ_ɪ_ŋ
wendy,w_ˈɛ_n_d_i
wunny,w_ˈʌ_n_i
xantes,z_ˈæ_n_t_s
murrelet,m_ˈɜː_ɹ_ɛ_l_ə_t
ler,l_ˈɜː
toddler,t_ˈɑː_d_l_ɚ
looka,l_ˈʊ_k_ə
thingamajig,θ_ˈɪ_ŋ_ɡ_ɐ_m_ˌæ_dʒ_ɪ_ɡ
whatchamacallit,w_ˈʌ_t_tʃ_ɐ_m_ˌæ_k_ɐ_l_ˌɪ_t
pose,p_ˈoʊ_z
thought,θ_ˈɔː_t
janitor,dʒ_ˈæ_n_ɪ_ɾ_ɚ
bocka,b_ˈɑː_k_ə
koalabal,k_ˈoʊ_l_æ_b_əl
koa,k_ˈoʊ_ə
snowplow,s_n_ˈoʊ_p_l_aʊ
vineyard,v_ˈɪ_n_j_ɚ_d
allow,ɐ_l_ˈaʊ
doinky,d_ˈɔɪ_ŋ_k_i
noinky,n_ˈɔɪ_ŋ_k_i
nematode,n_ˈɛ_m_ɐ_t_ˌoʊ_d
mena,m_ˈiː_n_ə
medium,m_ˈiː_d_iə_m
bitta,b_ˈɪ_ɾ_ə
needle,n_ˈiː_d_əl
craigville,k_ɹ_ˈeɪ_ɡ_v_ɪ_l
examine,ɛ_ɡ_z_ˈæ_m_ɪ_n
craft,k_ɹ_ˈæ_f_t
litter,l_ˈɪ_ɾ_ɚ
zinnia,z_ˈɪ_n_i__ə
moses,m_ˈoʊ_z_ᵻ_z
siken,s_ˈaɪ_k_ə_n
mumbudy,m_ˈʌ_m_b_ʌ_d_i
zigzag,z_ˈɪ_ɡ_z_æ_ɡ
heather,h_ˈɛ_ð_ɚ
rack,ɹ_ˈæ_k
twine,t_w_ˈaɪ_n
lifeguard,l_ˈaɪ_f_ɡ_ɑːɹ_d
sclaimed,s_k_l_ˈeɪ_m_d
attention,ɐ_t_ˈɛ_n_ʃ_ə_n
serengeti,s_ˈɛ_ɹ_ɪ_n_dʒ_ˌɛ_ɾ_i
sclaiming,s_k_l_ˈeɪ_m_ɪ_ŋ
mcduff,m_ə_k_d_ˈʌ_f
thigh,θ_ˈaɪ
minna,m_ˈɪ_n_ə
mina,m_ˈiː_n_ə
sweetie,s_w_ˈiː_ɾ_i
katherine,k_ˈæ_θ_ɹ_ɪ_n
connect,k_ə_n_ˈɛ_k_t
pope,p_ˈoʊ_p
kath,k_ˈæ_θ
curious,k_j_ˈʊ_ɹ_ɪ__ə_s
hyena,h_aɪ_ˈiː_n_ə
higgins,h_ˈɪ_ɡ_ɪ_n_z
bachelor,b_ˈæ_tʃ_ə_l_ɚ_ɹ
ahyahs,ˈɑː_ɪ__ə_z
thwack,θ_w_ˈæ_k
chirp,tʃ_ˈɜː_p
folk,f_ˈoʊ_k
theme,θ_ˈiː_m
le,l_ə_
brew,b_ɹ_ˈuː
wrinkle,ɹ_ˈɪ_ŋ_k_əl
herman,h_ˈɜː_m_ə_n
stabilize,s_t_ˈeɪ_b_ɪ_l_ˌaɪ_z
hare,h_ˈɛɹ
jezabel,dʒ_ˈɛ_z_eɪ_b_əl
weight,w_ˈeɪ_t
fisha,f_ˈiː_ʃ_ə
fixit,f_ˈɪ_k_s_ɪ_t
linus,l_ˈɪ_n_ə_s
centipede,s_ˈɛ_n_t_ɪ_p_ˌiː_d
croc,k_ɹ_ˈɑː_k
thud,θ_ˈʌ_d
trout,t_ɹ_ˈaʊ_t
eucalyptus,j_ˈuː_k_ɐ_l_ˌɪ_p_t_ə_s
uzzers,ˈʌ_z_ɚ_z
south,s_ˈaʊ_θ
harmouth,h_ˈɑːɹ_m_ə_θ
scene,s_ˈiː_n
uzzer,ˈʌ_z_ɚ
rosebud,ɹ_ˈoʊ_z_b_ʌ_d
affect,ɐ_f_ˈɛ_k_t
humidity,h_j_uː_m_ˈɪ_d_ɪ_ɾ_i
mallet,m_ˈæ_l_ɪ_t
violet,v_ˈaɪə_l_ə_t
moisture,m_ˈɔɪ_s_tʃ_ɚ
xinny,z_ˈɪ_n_i
bweeleelee,b_ˈiː_w_ˈiː_l_iː_l_ˌiː
yodel,j_ˈoʊ_d_əl
grummies,ɡ_ɹ_ˈʌ_m_ɪ_z
grummy,ɡ_ɹ_ˈʌ_m_i
frost,f_ɹ_ˈɔ_s_t
silverware,s_ˈɪ_l_v_ɚ_w_ˌɛɹ
chopstick,tʃ_ˈɑː_p_s_t_ɪ_k
abner,ɐ_b_n_ˈɜː
position,p_ə_z_ˈɪ_ʃ_ə_n
gug,ɡ_ˈʌ_ɡ
mctats,m_ə_k_t_ˈæ_t_s
chive,tʃ_ˈaɪ_v
bid,b_ˈɪ_d
cumin,k_j_ˈuː_m_ɪ_n
cluck,k_l_ˈʌ_k
harness,h_ˈɑːɹ_n_ᵻ_s
cluack,k_l_ˈuː_æ_k
bore,b_ˈoːɹ
buck,b_ˈʌ_k
ellipse,ɪ_l_ˈɪ_p_s
dibibop,d_ˈɪ_b_ɪ_b_ə_p
challenge,tʃ_ˈæ_l_ɪ_n_dʒ
pajumming,p_ˈæ_dʒ_ʌ_m_ɪ_ŋ
allergic,ɐ_l_ˈɜː_dʒ_ɪ_k
turmeric,t_ɜː_m_ˈɛ_ɹ_ɪ_k
jew,dʒ_ˈuː
court,k_ˈoːɹ_t
shoo,ʃ_ˈuː
purpose,p_ˈɜː_p_ə_s
gima,ɡ_ˈiː_m_ə
dolly,d_ˈɑː_l_i_
oughta,ˈɔː_ɾ_ə
dippio,d_ˈɪ_p_ɪ__ˌoʊ
dell,d_ˈɛ_l
kawadee,k_ˈæ_w_ɐ_d_ˌiː
zippio,z_ˈɪ_p_ɪ__ˌoʊ
pistol,p_ˈɪ_s_t_əl
mousie,m_ˈaʊ_s_i
hall,h_ˈɔː_l
gah,ɡ_ˈɑː
elominy,ɪ_l_ˈɑː_m_ɪ_n_i
bom,b_ˈɑː_m
chorus,k_ˈoː_ɹ_ə_s
wedding,w_ˈɛ_d_ɪ_ŋ
hollow,h_ˈɑː_l_oʊ
tide,t_ˈaɪ_d
remark,ɹ_ɪ_m_ˈɑːɹ_k
cats,k_ˈæ_t_s
swallow,s_w_ˈɑː_l_oʊ
gown,ɡ_ˈaʊ_n
banjo,b_ˈæ_n_dʒ_oʊ
babybug,b_ˈeɪ_b_ɪ_b_ˌʌ_ɡ
bother,b_ˈɑː_ð_ɚ
goga,ɡ_ˈoʊ_ɡ_ə
sleeky,s_l_ˈiː_k_i
skageeska,s_k_ˈæ_dʒ_iː_s_k_ə
carwin,k_ˈɑːɹ_w_ɪ_n
akmak,ˈæ_k_m_æ_k
oblong,ˈɑː_b_l_ɑː_ŋ
blend,b_l_ˈɛ_n_d
tina,t_ˈiː_n_ə
dental,d_ˈɛ_n_t_əl
hygienist,h_ˈaɪ_dʒ_iː_n_ˌɪ_s_t
moothie,m_ˈuː_θ_i
hardwood,h_ˈɑːɹ_d_w_ʊ_d
meanwhile,m_ˈiː_n_w_aɪ_l
comfort,k_ˈʌ_m_f_ɚ_t
mahatma,m_ˈæ_h_æ_t_m_ə
gandhi,ɡ_ˈæ_n_d_i_
akh,ˈæ_k
makh,m_ˈæ_k
energy,ˈɛ_n_ɚ_dʒ_i
lubeck,l_ˈuː_b_ɛ_k
staff,s_t_ˈæ_f
dhoti,d_ˈoʊ_ɾ_i
main,m_ˈeɪ_n
activity,æ_k_t_ˈɪ_v_ɪ_ɾ_i
fiona,f_ɪ__ˈoʊ_n_ə
minie,m_ˈɪ_n_i
mo,m_ˈoʊ
mamaka,m_æ_m_ˈɑː_k_ə
muk,m_ˈʌ_k
gebicious,dʒ_ɛ_b_ˈɪ_ʃ_ə_s
linguine,l_ˈɪ_ŋ_ɡ_w_aɪ_n
smommy,s_m_ˈɑː_m_i
transmit,t_ɹ_æ_n_s_m_ˈɪ_t
racket,ɹ_ˈæ_k_ɪ_t
pappy,p_ˈæ_p_i
pung,p_ˈʌ_ŋ
mongammy,m_ˈɑː_ŋ_ɡ_æ_m_i
floatosaurus,f_l_ˌoʊ_ɾ_ə_s_ˈɔː_ɹ_ə_s
operation,ˌɑː_p_ɚ_ɹ_ˈeɪ_ʃ_ə_n
able,ˈeɪ_b_əl
penne,p_ˈɛ_n
gospal,ɡ_ˈɑː_s_p_əl
toothache,t_ˈuː_θ_eɪ_k
magnetic,m_æ_ɡ_n_ˈɛ_ɾ_ɪ_k
company,k_ˈʌ_m_p_ə_n_i
dung,d_ˈʌ_ŋ
prodigal,p_ɹ_ˈɑː_d_ɪ_ɡ_əl
son,s_ˈʌ_n
chili,tʃ_ˈɪ_l_i
faith,f_ˈeɪ_θ
father,f_ˈɑː_ð_ɚ
church,tʃ_ˈɜː_tʃ
tantrum,t_ˈæ_n_t_ɹ_ə_m
slop,s_l_ˈɑː_p
carwen,k_ˈɑːɹ_w_ə_n
paprika,p_ˈæ_p_ɹ_ɪ_k_ə
texture,t_ˈɛ_k_s_tʃ_ɚ
fed,f_ˈɛ_d
surfboard,s_ˈɜː_f_b_oːɹ_d
nag,n_ˈæ_ɡ
wa,w_ˈɑː
ramp,ɹ_ˈæ_m_p
patient,p_ˈeɪ_ʃ_ə_n_t
lauren,l_ˈɔː_ɹ_ə_n
otoscope,ˈɑː_ɾ_ə_s_k_ˌoʊ_p
quite,k_w_ˈaɪ_t
sense,s_ˈɛ_n_s
gesundheit,dʒ_ˈɛ_s_ə_n_d_h_ˌaɪ_t
equipment,ɪ_k_w_ˈɪ_p_m_ə_n_t
indoors,ɪ_n_d_ˈoːɹ_z
period,p_ˈiə_ɹ_ɪ__ə_d
smudge,s_m_ˈʌ_dʒ
decide,d_ᵻ_s_ˈaɪ_d
tramp,t_ɹ_ˈæ_m_p
beam,b_ˈiː_m
scary,s_k_ˈɛ_ɹ_i
nectarine,n_ˈɛ_k_t_ɑː_ɹ_ˌiː_n
pleasant,p_l_ˈɛ_z_ə_n_t
rotten,ɹ_ˈɑː_ʔ_n̩
stain,s_t_ˈeɪ_n
cavity,k_ˈæ_v_ɪ_ɾ_i
pushba,p_ˈʊ_ʃ_b_ə
conversation,k_ɑː_n_v_ɚ_s_ˈeɪ_ʃ_ə_n
veena,v_ˈiː_n_ə
loli,l_ˈoʊ_l_i
michaela,m_ˈaɪ_k_əl_ə
sal,s_ˈæ_l
kieran,k_ˈiə_ɹ_ə_n
stomp,s_t_ˈɑː_m_p
jig,dʒ_ˈɪ_ɡ
pothole,p_ˈɑː_t_h_oʊ_l
mick,m_ˈɪ_k
assistant,ɐ_s_ˈɪ_s_t_ə_n_t
kanommy,k_ˈæ_n_ɑː_m_i
vommy,v_ˈɑː_m_i
mumommy,m_j_ˈuː_m_ɑː_m_i
seventh,s_ˈɛ_v_ə_n_θ
january,dʒ_ˈæ_n_j_uː_ˌɛ_ɹ_i
startle,s_t_ˈɑːɹ_ɾ_əl
shoulder,ʃ_ˈoʊ_l_d_ɚ
mischievous,m_ˈɪ_s_tʃ_ɪ_v_ə_s
deluxe,d_ɪ_l_ˈʌ_k_s
tozy,t_ˈoʊ_z_i
coop,k_ˈuː_p
michebous,m_ɪ_tʃ_ˈɛ_b_ə_s
kichelous,k_ˈɪ_tʃ_ə_l_ə_s
zinny,z_ˈɪ_n_i
mccats,m_ə_k_ˈæ_t_s
yuh,j_ˈʌ
yi,j_i_
expect,ɛ_k_s_p_ˈɛ_k_t
tab,t_ˈæ_b
retire,ɹ_ɪ_t_ˈaɪɚ
barnes,b_ˈɑːɹ_n_z
noble,n_ˈoʊ_b_əl
lubriderm,l_ˈuː_b_ɹ_aɪ_d_ˌɜː_m
tongs,t_ˈɑː_ŋ_z
changa,tʃ_ˈæ_ŋ_ɡ_ə
prompt,p_ɹ_ˈɑː_m_p_t
cho,tʃ_ˈoʊ
treadmill,t_ɹ_ˈɛ_d_m_ɪ_l
everyday,ˈɛ_v_ɹ_ɪ_d_ˌeɪ
record,ɹ_ˈɛ_k_ɚ_d
lickekous,l_ɪ_k_ˈɛ_k_ə_s
hint,h_ˈɪ_n_t
blueberries,b_l_ˈuː_b_ɛ_ɹ_ɪ_z
leather,l_ˈɛ_ð_ɚ_ɹ
eczema,ˈɛ_k_z_ə_m_ə
pouf,p_ˈuː_f
cabinet,k_ˈæ_b_ᵻ_n_ə_t
wuh,w_ˈʌ
evening,ˈiː_v_n_ɪ_ŋ
fewdinee,f_j_ˈuː_d_ɪ_n_ˌiː
lean,l_ˈiː_n
syringe,s_ɪ_ɹ_ˈɪ_n_dʒ
partridge,p_ˈɑːɹ_t_ɹ_ɪ_dʒ
moma,m_ˈoʊ_m_ə
bibby,b_ˈɪ_b_i
saag,s_ˈɑː_ɡ
bones,b_ˈoʊ_n_z
chloe,k_l_ˈoʊ_i
licks,l_ˈɪ_k_s
birdie,b_ˈɜː_d_i
catalogue,k_ˈæ_ɾ_ɐ_l_ˌɑː_ɡ
include,ɪ_n_k_l_ˈuː_d
tso,t_s_ˈoʊ
camilla,k_æ_m_ˈɪ_l_ə
capiberra,k_ˈæ_p_ɪ_b_ˌɛ_ɹ_ə
musical,m_j_ˈuː_z_ɪ_k_əl
vet,v_ˈɛ_t
angcore,ˈæ_ŋ_k_oːɹ
fact,f_ˈæ_k_t
gymnastics,dʒ_ɪ_m_n_ˈæ_s_t_ɪ_k_s
inhale,ɪ_n_h_ˈeɪ_l
woodland,w_ˈʊ_d_l_ə_n_d
benair,b_ˈɛ_n_ɛɹ
valve,v_ˈæ_l_v
combo,k_ˈɑː_m_b_oʊ
demand,d_ɪ_m_ˈæ_n_d
washy,w_ˈɑː_ʃ_i
wishy,w_ˈɪ_ʃ_i
poem,p_ˈoʊ_ɪ_m
alouette,ɐ_l_aʊ_ˈɛ_t
aminna,ˈæ_m_ɪ_n_ɚ
raw,ɹ_ˈɔː
dudameewuh,d_ˈuː_d_ɐ_m_ˌiː_w_ʌ
dudameemurn,d_ˌuː_d_ɐ_m_ˈiː_m_ɜː_n
galoo,ɡ_ˈæ_l_uː
woodpecker,w_ˈʊ_d_p_ɛ_k_ɚ
stranger,s_t_ɹ_ˈeɪ_n_dʒ_ɚ
dal,d_ˈæ_l
cafe,k_ˈæ_f_eɪ
safey,s_ˈeɪ_f_i_
almon,ˈɑː_l_m_ə_n
wodney,w_ˈɑː_d_n_i
wat,w_ˈæ_t
rodney,ɹ_ˈɑː_d_n_i
since,s_ˈɪ_n_s
wed,w_ˈɛ_d
pronounce,p_ɹ_ə_n_ˈaʊ_n_s
ligudo,l_ɪ_ɡ_j_ˈuː_d_oʊ
brazoo,b_ɹ_ˈæ_z_uː
budagoo,b_j_ˈuː_d_ɐ_ɡ_ˌuː
gudagoo,ɡ_j_ˈuː_d_ɐ_ɡ_ˌuː
polish,p_ˈɑː_l_ɪ_ʃ
duncan,d_ˈʌ_n_k_ə_n
mauren,m_ˈɔː_ɹ_ə_n
improvise,ˈɪ_m_p_ɹ_ə_v_ˌaɪ_z
emmet,ˈɛ_m_ɪ_t
accidental,ˌæ_k_s_ɪ_d_ˈɛ_n_t_əl
zanes,z_ˈeɪ_n_z
adjective,ˈæ_dʒ_ɪ_k_t_ˌɪ_v
describe,d_ɪ_s_k_ɹ_ˈaɪ_b
title,t_ˈaɪ_ɾ_əl
lint,l_ˈɪ_n_t
munch,m_ˈʌ_n_tʃ
haddock,h_ˈæ_d_ə_k
dryer,d_ɹ_ˈaɪ_ɚ_ɹ
ally,ˈæ_l_aɪ
den,d_ˈɛ_n
sleepu,s_l_ˈiː_p_uː
pushpa,p_ˈʊ_ʃ_p_ə
velcro,v_ˈɛ_l_k_ɹ_oʊ
cradle,k_ɹ_ˈeɪ_d_əl
gym,dʒ_ˈɪ_m
straddle,s_t_ɹ_ˈæ_d_əl
obstacle,ˈɑː_b_s_t_ə_k_əl
sonya,s_ˈɑː_n_j_ə
scatter,s_k_ˈæ_ɾ_ɚ
timiam,t_ˈɪ_m_iə_m
gurzy,ɡ_ˈɜː_z_i
zaab,z_ˈɑː_b
language,l_ˈæ_ŋ_ɡ_w_ɪ_dʒ
gwina,ɡ_w_ˈiː_n_ə
dagere,d_ˈæ_dʒ_ɚ
zaaboo,z_ˈɑː_b_uː
pominim,p_ˈɑː_m_ɪ_n_ᵻ_m
sell,s_ˈɛ_l
biddle,b_ˈɪ_d_əl
english,ˈɪ_ŋ_ɡ_l_ɪ_ʃ
kenorty,k_ˈɛ_n_ɔːɹ_ɾ_i
physical,f_ˈɪ_z_ɪ_k_əl
therapist,θ_ˈɛ_ɹ_ə_p_ˌɪ_s_t
kenel,k_ˈɛ_n_əl
rectangular,ɹ_ɛ_k_t_ˈæ_n_ɡ_j_ʊ_l_ɚ
willow,w_ˈɪ_l_oʊ
hlimpf,ˈeɪ_tʃ_l_ˈɪ_m_p_f
poof,p_ˈuː_f
kingston,k_ˈɪ_ŋ_s_t_ə_n
nowhere,n_ˈoʊ_w_ɛɹ
gumma,ɡ_ˈʌ_m_ə
digissi,d_ɪ_dʒ_ˈɪ_s_i
mermermer,m_ˈɜː_m_ɚ_m_ɚ
mernemer,m_ˈɜː_n_ɛ_m_ɚ
nutshell,n_ˈʌ_t_ʃ_ɛ_l
hulla,h_ˈʌ_l_ə
gulla,ɡ_ˈʌ_l_ə
gorcebo,ɡ_oːɹ_s_ˈiː_b_oʊ
munna,m_ˈʌ_n_ə
morcebo,m_ɔːɹ_s_ˈiː_b_oʊ
bulla,b_ˈʊ_l_ə
practical,p_ɹ_ˈæ_k_t_ɪ_k_əl
malmy,m_ˈæ_l_m_i
meelmy,m_ˈiː_l_m_i
chickadee,tʃ_ˈɪ_k_ɐ_d_ˌiː
ga,ɡ_ˈɑː
frightened,f_ɹ_ˈaɪ_ʔ_n̩_d
mosey,m_ˈoʊ_s_i
fo,f_ˈoʊ
lelie,l_ˈɛ_l_i
vego,v_ˈiː_ɡ_oʊ
monga,m_ˈɑː_ŋ_ɡ_ə
fuh,f_ˈʌ
lo,l_ˈoʊ
mio,m_ˈiː__oʊ
ko,k_ˈoʊ
gado,ɡ_ˈɑː_d_oʊ
sow,s_ˈoʊ
zo,z_ˈoʊ
lantern,l_ˈæ_n_t_ɚ_n
marigold,m_ˈæ_ɹ_ɪ_ɡ_ˌoʊ_l_d
choke,tʃ_ˈoʊ_k
kooky,k_ˈuː_k_i
tone,t_ˈoʊ_n
libba,l_ˈɪ_b_ə
labba,l_ˈæ_b_ə
nukkaduk,n_ˈʌ_k_ɐ_d_ˌʌ_k
receipt,ɹ_ɪ_s_ˈiː_t
nukka,n_ˈʌ_k_ə
lobba,l_ˈɑː_b_ə
loga,l_ˈoʊ_ɡ_ə
pikes,p_ˈaɪ_k_s
parents,p_ˈɛ_ɹ_ə_n_t_s
cardamom,k_ˈɑːɹ_d_æ_m_ə_m
settle,s_ˈɛ_ɾ_əl
wallaby,w_ˈɑː_l_æ_b_i
stall,s_t_ˈɔː_l
creak,k_ɹ_ˈiː_k
growl,ɡ_ɹ_ˈaʊ_l
concert,k_ˈɑː_n_s_ɜː_t
briar,b_ɹ_ˈaɪɚ
nature,n_ˈeɪ_tʃ_ɚ
footstep,f_ˈʊ_t_s_t_ɛ_p
fax,f_ˈæ_k_s
waltz,w_ˈɑː_l_t_s
matilda,m_ɐ_t_ˈɪ_l_d_ə
sat,s_ˈæ_t
billabong,b_ˈɪ_l_ɐ_b_ˌɑː_ŋ
waltzing,w_ˈɑː_l_t_s_ɪ_ŋ
origami,ˌɔː_ɹ_ɪ_ɡ_ˈɑː_m_i
journey,dʒ_ˈɜː_n_i
staple,s_t_ˈeɪ_p_əl
camouflage,k_ˈæ_m_ə_f_l_ˌɑː_ʒ
victoria,v_ɪ_k_t_ˈoː_ɹ_iə
sore,s_ˈoːɹ
packet,p_ˈæ_k_ɪ_t
para,p_ˈæ_ɹ_ə
combine,k_ə_m_b_ˈaɪ_n
peeling,p_ˈiː_l_ɪ_ŋ
puss,p_ˈʊ_s
customer,k_ˈʌ_s_t_ə_m_ɚ_ɹ
edge,ˈɛ_dʒ
law,l_ˈɔː
hearth,h_ˈɑːɹ_θ
cattle,k_ˈæ_ɾ_əl
calendula,k_ˈæ_l_ə_n_dʒ_ˌuː_l_ə
fluid,f_l_ˈuː_ɪ_d
certain,s_ˈɜː_t_ə_n
birth,b_ˈɜː_θ
arrive,ɐ_ɹ_ˈaɪ_v
injury,ˈɪ_n_dʒ_ɚ_ɹ_i
vuh,v_ˈʌ
voila,v_w_ɑː_l_ˈɑː
noctor,n_ˈɑː_k_t_ɚ
nisa,n_ˈiː_s_ə
heck,h_ˈɛ_k
molasses,m_ə_l_ˈæ_s_ᵻ_z
sibling,s_ˈɪ_b_l_ɪ_ŋ
jum,dʒ_ˈʌ_m
pediatric,p_ˌiː_d_ɪ__ˈæ_t_ɹ_ɪ_k
mird,m_ˈɜː_d
kee,k_ˈiː
seattle,s_iː__ˈæ_ɾ_əl
marie,m_ɐ_ɹ_ˈiː
curie,k_j_ˈʊ_ɹ_i_
astaire,ɐ_s_t_ˈɛ_ɹ
injure,ˈɪ_n_dʒ_ɚ
had,h_ɐ_d
ig,ˈɪ_ɡ
flu,f_l_ˈuː
concrete,k_ˈɑː_ŋ_k_ɹ_iː_t
lorry,l_ˈɔː_ɹ_i_
odel,ˈoʊ_d_əl
leh,l_ˈeɪ
nerd,n_ˈɜː_d
rash,ɹ_ˈæ_ʃ
canoe,k_ə_n_ˈuː
pastel,p_ˈæ_s_t_əl
splendid,s_p_l_ˈɛ_n_d_ɪ_d
favor,f_ˈeɪ_v_ɚ
yell,j_ˈɛ_l
seeseeballiboo,s_ˈiː_s_iː_b_ˌæ_l_ɪ_b_ˌuː
unpickidat,ʌ_n_p_ˈɪ_k_ɪ_d_ˌæ_t
boosibahdiboo,b_ˈuː_z_ə_b_ˌɑː_d_ɪ_b_ˌuː
umpisipida,ˈʌ_m_p_ɪ_s_ˌɪ_p_ɪ_d_ə
umsipaduhbeebo,ˌʌ_m_z_ɪ_p_ˌæ_d_uː_b_ˈiː_b_oʊ
adult,ɐ_d_ˈʌ_l_t
swat,s_w_ˈɑː_t
spindle,s_p_ˈɪ_n_d_əl
rod,ɹ_ˈɑː_d
udder,ˈʌ_d_ɚ_ɹ
anxious,ˈæ_ŋ_ʃ_ə_s
examination,ɛ_ɡ_z_ˌæ_m_ᵻ_n_ˈeɪ_ʃ_ə_n
honest,ˈɑː_n_ɪ_s_t
jemima,dʒ_ˈɛ_m_ɪ_m_ə
enemy,ˈɛ_n_ə_m_i
plupnoot,p_l_ˈʌ_p_n_uː_t
plupnoop,p_l_ˈʌ_p_n_uː_p
slumpf,s_l_ˈʌ_m_p_f
billadeen,b_ˈɪ_l_ɐ_d_ˌiː_n
xxx,ˌɛ_k_s_ˌɛ_k_s_ˈɛ_k_s
billable,b_ˈɪ_l_ə_b_əl
lumpf,l_ˈʌ_m_p_f
uh,ˈʌ
piss,p_ˈɪ_s
ashley,ˈæ_ʃ_l_i
goosy,ɡ_ˈuː_s_i
goo,ɡ_ˈuː
collie,k_ˈɑː_l_i_
amount,ɐ_m_ˈaʊ_n_t
chime,tʃ_ˈaɪ_m
otherwise,ˈʌ_ð_ɚ_w_ˌaɪ_z
sudden,s_ˈʌ_d_ə_n
awooga,ˈæ_w_uː_ɡ_ə
gazaggers,ɡ_ˈæ_z_æ_ɡ_ɚ_z
gazag,ɡ_ˈæ_z_æ_ɡ
gazagger,ɡ_ˈæ_z_æ_ɡ_ɚ_ɹ
involve,ɪ_n_v_ˈɑː_l_v
predator,p_ɹ_ˈɛ_d_ə_ɾ_ɚ
strange,s_t_ɹ_ˈeɪ_n_dʒ
stoop,s_t_ˈuː_p
louse,l_ˈaʊ_s
gizig,ɡ_ˈɪ_z_ɪ_ɡ
gadaggers,ɡ_ˈæ_d_æ_ɡ_ɚ_z
gadeegers,ɡ_ˈæ_d_iː_ɡ_ɚ_z
noo,n_ˈuː
cotuit,k_ˈɑː_ɾ_uː_ˌɪ_t
nursery,n_ˈɜː_s_ɚ_ɹ_i
rob,ɹ_ˈɑː_b
mckayla,m_ə_k_ˈeɪ_l_ə
metallic,m_ə_t_ˈæ_l_ɪ_k
chaos,k_ˈeɪ_ɑː_s
temperature,t_ˈɛ_m_p_ɹ_ɪ_tʃ_ɚ_ɹ
ella,ˈɛ_l_ə
glamosh,ɡ_l_ˈæ_m_ɑː_ʃ
poose,p_ˈuː_s
pooselim,p_ˈuː_s_ɛ_l_ᵻ_m
although,ɑː_l_ð_ˈoʊ
ursies,ˈɜː_s_ɪ_z
gursies,ɡ_ˈɜː_s_ɪ_z
imagine,ɪ_m_ˈæ_dʒ_ɪ_n
concord,k_ə_n_k_ˈoːɹ_d
paradarrot,p_ˈæ_ɹ_ə_d_ˌæ_ɹ_ə_t
form,f_ˈɔːɹ_m
brimlim,b_ɹ_ˈɪ_m_l_ᵻ_m
kufbrim,k_ˈʌ_f_b_ɹ_ᵻ_m
month,m_ˈʌ_n_θ
whydally,w_ˈaɪ_d_əl_i
claire,k_l_ˈɛɹ
measles,m_ˈiː_s_əl_z
barefoot,b_ˈɛɹ_f_ʊ_t
lansinal,l_ˈæ_n_s_ɪ_n_əl
scam,s_k_ˈæ_m
noomee,n_ˈuː_m_iː
patience,p_ˈeɪ_ʃ_ə_n_s
goobadimunim,ɡ_ˈuː_b_ɐ_d_ˌɪ_m_j_uː_n_ᵻ_m
nil,n_ˈɪ_l
eighth,ˈeɪ_t_θ
whether,w_ˈɛ_ð_ɚ
protein,p_ɹ_ˈoʊ_t_iː_n
screen,s_k_ɹ_ˈiː_n
guernsey,ɡ_ˈɜː_n_s_i
tahini,t_æ_h_ˈiː_n_i
spank,s_p_ˈæ_ŋ_k
fierce,f_ˈɪɹ_s
tistahini,t_ˌɪ_s_t_ɐ_h_ˈiː_n_i_
em,ɪ_m
manchego,m_æ_n_tʃ_ˈiː_ɡ_oʊ
cord,k_ˈoːɹ_d
emmy,ˈɛ_m_i
sooey,s_ˈuː_i
bornean,b_ˈoːɹ_n_iə_n
distance,d_ˈɪ_s_t_ə_n_s
june,dʒ_j_ˈuː_n
explain,ɛ_k_s_p_l_ˈeɪ_n
holstein,h_ˈɑː_l_s_t_aɪ_n
aceland,ɐ_s_ˈɛ_l_ə_n_d
hini,h_ˈɪ_n_i
devon,d_ˈɛ_v_ə_n
awhile,ɐ_w_ˈaɪ_l
wring,ɹ_ˈɪ_ŋ
ergyik,ˈɜː_dʒ_j_ɪ_k
namommus,n_ˈæ_m_ɑː_m_ə_s
twinsi,t_w_ˈɪ_n_s_i
deedle,d_ˈiː_d_əl
dum,d_ˈʌ_m
britches,b_ɹ_ˈɪ_tʃ_ᵻ_z
rare,ɹ_ˈɛɹ
soo,s_ˈuː
tenth,t_ˈɛ_n_θ
psst,p_s_s_t
chow,tʃ_ˈaʊ
female,f_ˈiː_m_eɪ_l
diva,d_ˈiː_v_ə
duladil,d_ˈuː_l_ɐ_d_ˌɪ_l
juvenile,dʒ_ˈuː_v_ə_n_ˌaɪ_l
dairy,d_ˈɛ_ɹ_i
fromage,f_ɹ_ˈɑː_m_ɪ_dʒ
roti,ɹ_ˈoʊ_ɾ_i
tig,t_ˈɪ_ɡ
puffy,p_ˈʌ_f_i
keffy,k_ˈɛ_f_i
gussy,ɡ_ˈʌ_s_i
magnifique,m_ˌæ_ɡ_n_ɪ_f_ˈiː_k
tiggery,t_ˈɪ_ɡ_ɚ_ɹ_i
dickory,d_ˈɪ_k_ɚ_ɹ_i
role,ɹ_ˈoʊ_l
wapsy,w_ˈæ_p_s_i
vera,v_ˈiə_ɹ_ə
thistle,θ_ˈɪ_s_əl
laundromat,l_ˈɔː_n_d_ɹ_ə_m_ˌæ_t
prick,p_ɹ_ˈɪ_k
danger,d_ˈeɪ_n_dʒ_ɚ_ɹ
iddle,ˈaɪ_d_əl
lum,l_ˈʌ_m
yyy,j_j_ˈaɪ
dadum,d_ˈæ_d_ə_m
daddle,d_ˈæ_d_əl
addle,ˈæ_d_əl
dadeem,d_æ_d_ˈiː_m
liddle,l_ˈɪ_d_əl
buh,b_ˈʌ
paperback,p_ˈeɪ_p_ɚ_b_ˌæ_k
poisonous,p_ˈɔɪ_z_ə_n_ə_s
appointment,ɐ_p_ˈɔɪ_n_t_m_ə_n_t
repellent,ɹ_ɪ_p_ˈɛ_l_ə_n_t
puffin,p_ˈʌ_f_ɪ_n
earthly,ˈɜː_θ_l_i
huevos,h_j_ˈuː_v_oʊ_z
rancheros,ɹ_æ_n_tʃ_ˈɛ_ɹ_oʊ_z
ugh,ˈʌ_ɡ
ruba,ɹ_ˈuː_b_ə
major,m_ˈeɪ_dʒ_ɚ
disaster,d_ˌɪ_s_ˈæ_s_t_ɚ
brain,b_ɹ_ˈeɪ_n
dawn,d_ˈɔː_n
sleet,s_l_ˈiː_t
juniper,dʒ_ˈuː_n_ɪ_p_ɚ
glorious,ɡ_l_ˈoː_ɹ_ɪ__ə_s
nip,n_ˈɪ_p
handstand,h_ˈæ_n_d_s_t_æ_n_d
rarr,ɹ_ˈɑːɹ
cauldron,k_ˈɔː_l_d_ɹ_ə_n
veterinarian,v_ˌɛ_ɾ_ɚ_ɹ_ɪ_n_ˈɛ_ɹ_iə_n
lars,l_ˈɑːɹ_z
twitchett,t_w_ˈɪ_tʃ_ɪ_t
bum,b_ˈʌ_m
ab,ˈæ_b
taj,t_ˈæ_dʒ
mahal,m_ˈæ_h_əl
decoration,d_ˌɛ_k_ɚ_ɹ_ˈeɪ_ʃ_ə_n
barrier,b_ˈæ_ɹ_ɪ__ɚ
reef,ɹ_ˈiː_f
dibibak,d_ˈɪ_b_ɪ_b_ˌæ_k
maze,m_ˈeɪ_z
health,h_ˈɛ_l_θ
insurance,ɪ_n_ʃ_ˈʊ_ɹ_ə_n_s
mickey,m_ˈɪ_k_i
munsty,m_ˈʌ_n_s_t_i
tights,t_ˈaɪ_t_s
niagara,n_aɪ_ˈæ_ɡ_ɹ_ə
falls,f_ˈɔː_l_z
leaning,l_ˈiː_n_ɪ_ŋ
pisa,p_ˈiː_s_ə
golden,ɡ_ˈoʊ_l_d_ə_n
tadpole,t_ˈæ_d_p_oʊ_l
dam,d_ˈæ_m
punk,p_ˈʌ_ŋ_k
wunky,w_ˈʌ_ŋ_k_i
beaujolais,b_ˈoʊ_dʒ_ə_l_ˌeɪ
sonaly,s_ˈoʊ_n_ə_l_i
canyon,k_ˈæ_n_ɪ__ə_n
pap,p_ˈæ_p
bookcase,b_ˈʊ_k_k_eɪ_s
legs,l_ˈɛ_ɡ_z
scooby,s_k_ˈuː_b_i_
edible,ˈɛ_d_ə_b_əl
huff,h_ˈʌ_f
pinecone,p_ˈaɪ_n_k_oʊ_n
overnight,ˌoʊ_v_ɚ_n_ˈaɪ_t
crap,k_ɹ_ˈæ_p
abcdef,ɐ_b_k_d_ˈɛ_f
crumple,k_ɹ_ˈʌ_m_p_əl
checker,tʃ_ˈɛ_k_ɚ
porch,p_ˈɔːɹ_tʃ
paul,p_ˈɔː_l
dummy,d_ˈʌ_m_i
herbal,h_ˈɜː_b_əl
jamboree,dʒ_ˈæ_m_b_oː_ɹ_ˌiː
lullaby,l_ˈʌ_l_ə_b_ˌaɪ
gadda,ɡ_ˈæ_d_ə
gooda,ɡ_ˈʊ_d_ə
million,m_ˈɪ_l_iə_n
mantel,m_ˈæ_n_t_əl
stunt,s_t_ˈʌ_n_t
micky,m_ˈɪ_k_i
forecast,f_ˈɔːɹ_k_æ_s_t
abcdefg,ɐ_b_k_d_ˈɛ_f_ɡ
tweety,t_w_ˈiː_ɾ_i
curkle,k_ˈɜː_k_əl
catapult,k_ˈæ_ɾ_ɐ_p_ˌʌ_l_t
cathy,k_ˈæ_θ_i
wathy,w_ˈæ_θ_i
sappy,s_ˈæ_p_i
degree,d_ɪ_ɡ_ɹ_ˈiː
jappy,dʒ_ˈæ_p_i
pomp,p_ˈɑː_m_p
kink,k_ˈɪ_ŋ_k
danbury,d_ˈæ_n_b_ɛ_ɹ_i
connecticut,k_ə_n_ˈɛ_ɾ_ɪ_k_ə_t
inch,ˈɪ_n_tʃ
jamaica,dʒ_ɐ_m_ˈeɪ_k_ə
bay,b_ˈeɪ
mac,m_ˈæ_k
delphinium,d_ɛ_l_f_ˈɪ_n_iə_m
maureen,m_ˈɔː_ɹ_iː_n
meghan,m_ˈɛ_ɡ_ə_n
soul,s_ˈoʊ_l
bobs,b_ˈɑː_b_z
launch,l_ˈɑː_n_tʃ
wizard,w_ˈɪ_z_ɚ_d
nanny,n_ˈæ_n_i
kermit,k_ˈɜː_m_ɪ_t
ichabod,ˈɪ_k_ɐ_b_ˌɑː_d
elvis,ˈɛ_l_v_ɪ_s
douse,d_ˈaʊ_s
touse,t_ˈaʊ_s
poncho,p_ˈɑː_n_tʃ_oʊ
tappy,t_ˈæ_p_i
dappy,d_ˈæ_p_i
muppet,m_ˈʌ_p_ɪ_t
dabbit,d_ˈæ_b_ɪ_t
garrett,ɡ_ˈæ_ɹ_ɪ_t
baltimore,b_ˈɑː_l_t_ɪ_m_ˌoːɹ
gazit,ɡ_ˈæ_z_ɪ_t
boss,b_ˈɔ_s
walter,w_ˈɑː_l_t_ɚ
fret,f_ɹ_ˈɛ_t
trophy,t_ɹ_ˈoʊ_f_i
dose,d_ˈoʊ_s
gloss,ɡ_l_ˈɔ_s
creme,k_ɹ_ˈiː_m
doby,d_ˈoʊ_b_i
blush,b_l_ˈʌ_ʃ
duff,d_ˈʌ_f
kabob,k_ˈæ_b_ɑː_b
dop,d_ˈɑː_p
dairio,d_ˈɛ_ɹ_ɪ__ˌoʊ
hunting,h_ˈʌ_n_t_ɪ_ŋ
sneaker,s_n_ˈiː_k_ɚ
rudolph,ɹ_ˈuː_d_ɑː_l_f
frosty,f_ɹ_ˈɔ_s_t_i
tim,t_ˈɪ_m
ego,ˈiː_ɡ_oʊ
minnie,m_ˈɪ_n_i
silk,s_ˈɪ_l_k
pain,p_ˈeɪ_n
ninety,n_ˈaɪ_n_t_i
tain,t_ˈeɪ_n
stack,s_t_ˈæ_k
crunky,k_ɹ_ˈʌ_ŋ_k_i
zack,z_ˈæ_k
wend,w_ˈɛ_n_d
mariah,m_æ_ɹ_ˈaɪə
skydive,s_k_ˈaɪ_d_aɪ_v
martin,m_ˈɑːɹ_t_ɪ_n
ivory,ˈaɪ_v_ɚ_ɹ_i
seashore,s_ˈiː_ʃ_oːɹ
sharpen,ʃ_ˈɑːɹ_p_ə_n
fossil,f_ˈɑː_s_əl
nutmeg,n_ˈʌ_t_m_ɛ_ɡ
chandelier,ʃ_ˌæ_n_d_ə_l_ˈɪɹ
heron,h_ˈɛ_ɹ_ə_n
cormorant,k_ˈɔːɹ_m_ɚ_ɹ_ə_n_t
sanderling,s_ˈæ_n_d_ɜː_l_ɪ_ŋ
maxwell,m_ˈæ_k_s_w_ɛ_l
derry,d_ˈɛ_ɹ_i
girdle,ɡ_ˈɜː_d_əl
butt,b_ˈʌ_t
titan,t_ˈaɪ_t_ə_n
egger,ˈɛ_ɡ_ɚ
pollie,p_ˈɑː_l_i_
america,ɐ_m_ˈɛ_ɹ_ɪ_k_ə
catle,k_ˈæ_ɾ_əl
sculpin,s_k_ˈʌ_l_p_ɪ_n
jackson,dʒ_ˈæ_k_s_ə_n
bobcat,b_ˈɑː_b_k_æ_t
arctic,ˈɑːɹ_k_t_ɪ_k
tuffin,t_ˈʌ_f_ɪ_n
katie,k_ˈeɪ_ɾ_i_
invitation,ɪ_n_v_ɪ_t_ˈeɪ_ʃ_ə_n
chameleon,k_ə_m_ˈiː_l_iə_n
lookee,l_ˈʊ_k_iː
glacier,ɡ_l_ˈeɪ_ʃ_ɚ
daw,d_ˈɔː
tigery,t_ˈaɪ_ɡ_ɚ_ɹ_i
canary,k_ə_n_ˈɛ_ɹ_i
gooz,ɡ_ˈuː_z
tigri,t_ˈaɪ_ɡ_ɹ_i_
airborne,ˈɛɹ_b_oːɹ_n
crook,k_ɹ_ˈʊ_k
yep,j_ˈɛ_p
monk,m_ˈʌ_n_k
crookster,k_ɹ_ˈʊ_k_s_t_ɚ
couscous,k_ˈuː_s_k_uː_s
timber,t_ˈɪ_m_b_ɚ
desert,d_ˈɛ_s_ɚ_t
madagascar,m_ˌæ_d_ə_ɡ_ˈæ_s_k_ɚ
cupid,k_j_ˈuː_p_ɪ_d
pow,p_ˈaʊ
moss,m_ˈɔ_s
lava,l_ˈɑː_v_ə
footed,f_ˈʊ_ɾ_ᵻ_d
cheetah,tʃ_ˈiː_ɾ_ə
orchid,ˈɔːɹ_k_ɪ_d
mantis,m_ˈæ_n_t_i_z
clad,k_l_ˈæ_d
shannon,ʃ_ˈæ_n_ə_n
darwin,d_ˈɑːɹ_w_ɪ_n
malaysian,m_ə_l_ˈeɪ_ʒ_ə_n
cobra,k_ˈoʊ_b_ɹ_ə
scrubble,s_k_ɹ_ˈʌ_b_əl
hupple,h_ˈʌ_p_əl
mare,m_ˈɛɹ
foal,f_ˈoʊ_l
heaven,h_ˈɛ_v_ə_n
salsa,s_ˈæ_l_s_ə
hawk,h_ˈɔː_k
snooze,s_n_ˈuː_z
oak,ˈoʊ_k
thee,ð_ˌiː
faye,f_ˈeɪ
austrailia,ɔː_s_t_ɹ_ˈeɪ_l_iə
ffair,ˈɛ_f_f_ˈɛɹ
chapter,tʃ_ˈæ_p_t_ɚ
bride,b_ɹ_ˈaɪ_d
vow,v_ˈaʊ
bink,b_ˈɪ_ŋ_k
klink,k_l_ˈɪ_ŋ_k
ritz,ɹ_ˈɪ_t_s
dinah,d_ˈaɪ_n_ə
blood,b_l_ˈʌ_d
seep,s_ˈiː_p
scrabble,s_k_ɹ_ˈæ_b_əl
fi,f_ˌaɪ_
iddly,ˈaɪ_d_l_i
godivas,ɡ_ˈɑː_d_ɪ_v_ə_z
fee,f_ˈiː
fiddly,f_ˈɪ_d_l_i
connor,k_ˈɑː_n_ɚ_ɹ
owe,ˈoʊ
marine,m_ɚ_ɹ_ˈiː_n
flipper,f_l_ˈɪ_p_ɚ
shrink,ʃ_ɹ_ˈɪ_ŋ_k
ken,k_ˈɛ_n
shrinkas,ʃ_ɹ_ˈɪ_ŋ_k_ə_z
shrinks,ʃ_ɹ_ˈɪ_ŋ_k_s
caramel,k_ˈæ_ɹ_ə_m_əl
ought,ˈɔː_t
pequito,p_ɛ_k_w_ˈiː_ɾ_oʊ
sweatshirt,s_w_ˈɛ_t_ʃ_ɜː_t
aparts,ɐ_p_ˈɑːɹ_t_s
picerne,p_ˈaɪ_s_ɚ_n
hokey,h_ˈoʊ_k_i
talon,t_ˈæ_l_ɑː_n
pork,p_ˈoːɹ_k
coupon,k_ˈuː_p_ɑː_n
yaya,j_ˈeɪ_ə
squoppy,s_k_w_ˈɑː_p_i
goppy,ɡ_ˈɑː_p_i
dean,d_ˈiː_n
lark,l_ˈɑːɹ_k
male,m_ˈeɪ_l
venomous,v_ˈɛ_n_ə_m_ə_s
swish,s_w_ˈɪ_ʃ
kiobeld,k_ɪ__ˈoʊ_b_ə_l_d
royal,ɹ_ˈɔɪ_əl
catinga,k_ɛ_t_ˈɪ_ŋ_ɡ_ɚ
rosy,ɹ_ˈoʊ_z_i_
agouti,ˈæ_ɡ_aʊ_ɾ_i
kinkajou,k_ˈɪ_ŋ_k_ɐ_dʒ_ˌuː
crowd,k_ɹ_ˈaʊ_d
biotopos,b_ˌaɪ_oʊ_t_ˈoʊ_p_oʊ_z
aidan,ˈeɪ_d_ə_n
aiden,ˈeɪ_d_ə_n
brrm,b_ˌiː__ˌɑː_ɹ_ˌɑː_ɹ_ˈɛ_m
chicka,tʃ_ˈɪ_k_ə
plesiosaurus,p_l_ˌiː_z_ɪ__ə_s_ˈɔː_ɹ_ə_s
duke,d_ˈuː_k
gilly,ɡ_ˈɪ_l_i
dadadun,d_ˈæ_d_ɐ_d_ˌʌ_n
diplodocus,d_ˈɪ_p_l_ə_d_ˌɑː_k_ə_s
ichthyosaurus,ˌɪ_k_θ_ɪ__ə_s_ˈɔː_ɹ_ə_s
dimetrodon,d_ˈaɪ_m_t_ɹ_ɑː_d_ə_n
sognathus,s_ˈɑː_ɡ_n_æ_θ_ə_s
bzz,b_ˌiː_z_ˌiː_z_ˈiː
nightie,n_ˈaɪ_ɾ_i
cleo,k_l_ˈiː__oʊ
blub,b_l_ˈʌ_b
nan,n_ˈæ_n
ryan,ɹ_ˈaɪ_ə_n
anna,ˈæ_n_ə
dylan,d_ˈɪ_l_ə_n
stacy,s_t_ˈeɪ_s_i
trish,t_ɹ_ˈɪ_ʃ
fillie,f_ˈɪ_l_i
robert,ɹ_ˈɑː_b_ɚ_t
mara,m_ˈɑːɹ_ɹ_ə
colin,k_ˈɑː_l_ɪ_n
rachel,ɹ_ˈeɪ_tʃ_əl
gerri,dʒ_ˈɛ_ɹ_i
chika,tʃ_ˈiː_k_ə
um,ˈʌ_m
liam,l_ˈiː__ə_m
pedal,p_ˈɛ_d_əl
theo,θ_ˈiː__oʊ
pointer,p_ˈɔɪ_n_t_ɚ
muah,m_j_ˈuː_ə
yo,j_ˈoʊ
chore,tʃ_ˈoːɹ
balo,b_ˈɑː_l_oʊ
device,d_ɪ_v_ˈaɪ_s
yup,j_ˈʌ_p
tar,t_ˈɑːɹ
michelle,m_ɪ_ʃ_ˈɛ_l
zzz,z_ˌiː_z_ˌiː_z_ˈiː
tuttle,t_ˈʌ_ɾ_əl
africa,ˈæ_f_ɹ_ɪ_k_ə
beatle,b_ˈiː_ɾ_əl
granny,ɡ_ɹ_ˈæ_n_i
cooper,k_ˈuː_p_ɚ
rig,ɹ_ˈɪ_ɡ
swan,s_w_ˈɑː_n
vicky,v_ˈɪ_k_i
clack,k_l_ˈæ_k
smock,s_m_ˈɑː_k
snot,s_n_ˈɑː_t
heinie,h_ˈeɪ_n_i
miserable,m_ˈɪ_z__ɹ_ə_b_əl
mock,m_ˈɑː_k
miniature,m_ˈɪ_n_ɪ_tʃ_ɚ
spiderman,s_p_ˈaɪ_d_ɚ_m_ə_n
newport,n_ˈuː_p_oːɹ_t
mission,m_ˈɪ_ʃ_ə_n
resident,ɹ_ˈɛ_z_ɪ_d_ə_n_t
oz,ˈɑː_z
builder,b_ˈɪ_l_d_ɚ
briefcase,b_ɹ_ˈiː_f_k_eɪ_s
birdy,b_ˈɜː_d_i_
ohio,oʊ_h_ˈaɪ_oʊ
audubon,ˈɔː_d_ə_b_ˌɑː_n
finding,f_ˈaɪ_n_d_ɪ_ŋ
fasten,f_ˈæ_s_ə_n
clues,k_l_ˈuː_z
putt,p_ˈʌ_t
booger,b_ˈʊ_ɡ_ɚ_ɹ
esau,ˈɛ_s_aʊ
fasih,f_ˈæ_s_i
rattlesnake,ɹ_ˈæ_ɾ_əl_s_n_ˌeɪ_k
rinse,ɹ_ˈɪ_n_s
anyways,ˈɛ_n_ɪ_w_ˌeɪ_z
maury,m_ˈɔː_ɹ_i
candyland,k_ˈæ_n_d_ɪ_l_ˌæ_n_d
pooks,p_ˈuː_k_s
fake,f_ˈeɪ_k
simba,s_ˈɪ_m_b_ə
ouchie,ˈaʊ_tʃ_i
private,p_ɹ_ˈaɪ_v_ə_t
jersey,dʒ_ˈɜː_s_i
respect,ɹ_ɪ_s_p_ˈɛ_k_t
ross,ɹ_ˈɔ_s
they're,ð_eɪ_ɚ_ɹ
ar,ˈɑːɹ
things,θ_ˈɪ_ŋ_z
calculate,k_ˈæ_l_k_j_ʊ_l_ˌeɪ_t
terror,t_ˈɛ_ɹ_ɚ
terrorize,t_ˈɛ_ɹ_ɚ_ɹ_ˌaɪ_z
blade,b_l_ˈeɪ_d
hockey,h_ˈɑː_k_i
streisand,s_t_ɹ_ˈeɪ_s_æ_n_d
payment,p_ˈeɪ_m_ə_n_t
wan,w_ˈæ_n
elizabeth,ɪ_l_ˈɪ_z_ə_b_ə_θ
yaloo,j_ˈæ_l_uː
ellen,ˈɛ_l_ə_n
mam,m_ˈæ_m
haw,h_ˈɔː
lone,l_ˈoʊ_n
reverse,ɹ_ɪ_v_ˈɜː_s
bravo,b_ɹ_ˈɑː_v_oʊ
bough,b_ˈaʊ
ra,ɹ_ˈɑː
gun,ɡ_ˈʌ_n
putter,p_ˈʊ_ɾ_ɚ
tinman,t_ˈɪ_n_m_ə_n
jive,dʒ_ˈaɪ_v
ddoh,d_ˈiː_d_ˈoʊ
parlor,p_ˈɑːɹ_l_ɚ
background,b_ˈæ_k_ɡ_ɹ_aʊ_n_d
cally,k_ˈɔː_l_i
sues,s_ˈuː_z
chacha,tʃ_ˈæ_tʃ_ə
superman,s_ˈuː_p_ɚ_m_ˌæ_n
mc,m_ə_k
dan,d_ˈæ_n
address,ɐ_d_ɹ_ˈɛ_s
silo,s_ˈaɪ_l_oʊ
bin,b_ˈɪ_n
furniture,f_ˈɜː_n_ɪ_tʃ_ɚ
lacrosse,l_ˈæ_k_ɹ_ɔ_s
raymond,ɹ_ˈeɪ_m_ə_n_d
drown,d_ɹ_ˈaʊ_n
ewe,j_ˈuː
warr,w_ˈɑːɹ
